date,title,image,link,likes
2023-01-02,Perché nel 2023 benzina e autostrade costano di più,https://media-assets.wired.it/photos/636cf8a50af7e711dd563212/4:3/w_1024%2Cc_limit/GettyImages-1159919834.jpg,https://www.wired.it/article/2023-benzina-autostrade-costano-di-piu/,0
2023-01-02,Il vaccino mRna per l'influenza che si somministrerà con uno spray nasale,https://media-assets.wired.it/photos/63b2c85b5a4d99bcd995f8a4/16:9/w_640%2Cc_limit/nasal-spray-2.jpeg,https://www.wired.it/article/vaccino-mrna-influenza-spray-nasale/,0
2023-01-02,Come sono stati catturati i peggiori cyber criminali del 2022,https://media-assets.wired.it/photos/63b2b5ba02afe54489687a36/16:9/w_640%2Cc_limit/pexels-sora-shimazaki-5935791%2520(1).jpg,https://www.wired.it/article/peggiori-cyber-criminali-2022/,0
2023-01-02,Jeremy Renner travolto dalla neve: è in condizioni gravi,https://media-assets.wired.it/photos/63b29901adb24ce14c3570a2/16:9/w_640%2Cc_limit/Jeremy%2520Renner.jpg,https://www.wired.it/article/jeremy-renner-ricoverato-condizioni-gravi/,0
2023-01-02,Harry Potter: tutto quello che sappiamo sul reboot della saga con nuovi attori,https://media-assets.wired.it/photos/63b2b03e5a4d99bcd995f8a1/16:9/w_640%2Cc_limit/Harry%2520Potter.jpg,https://www.wired.it/article/harry-potter-reboot-nuovi-attori/,0
2023-01-02,Distinti signori ottocenteschi diventano Goldrake: il surrealismo gioca con il what if?,https://media-assets.wired.it/photos/63986861cc29e4418976eb67/16:9/w_1600%2Cc_limit/Marvellini%2C%2520Goldrake%2520Cilindro.jpg,https://www.wired.it/gallery/surrealismo-intergenerazionale-kazanjian-marvellini-pledger/,0
2023-01-02,"Le Borse europee allungano il passo, a Milano bene Stellantis. Gas ancora in calo - ",https://www.ilsole24ore.com/static/img/ilsole24ore-o-2021.svg,https://www.ilsole24ore.com/art/borse-2023-mercati-parte-misto-AEiCrVTC,0
2023-01-02,Reddito di cittadinanza e smart working: come cambia il mondo del lavoro - ,https://www.ilsole24ore.com/static/img/ilsole24ore-o-2021.svg,https://www.ilsole24ore.com/art/reddito-cittadinanza-smart-working-e-stranieri-ecco-come-cambia-mondo-lavoro-2023-AEiOiTTC,0
2023-01-02,"Al via i saldi invernali in Sicilia e Basilicata, domani in Valle d’Aosta e il 5 gennaio nelle altre regioni",https://www.ilsole24ore.com/static/img/ilsole24ore-o-2021.svg,https://www.ilsole24ore.com/art/al-via-saldi-invernali-sicilia-e-basilicata-domani-valle-d-aosta-e-5-gennaio-altre-regioni-AEG4OSTC,0
2023-01-02,"Scatta l’aumento della benzina: ogni pieno costerà 9,15 euro in più - ",https://www.ilsole24ore.com/static/img/ilsole24ore-o-2021.svg,https://www.ilsole24ore.com/art/scatta-l-aumento-benzina-ogni-pieno-costera-915-euro-piu-AE43waTC,0
2023-01-02,"Germania, 45,6 milioni di occupati nel 2022: è record dall’unificazione",https://www.ilsole24ore.com/static/img/ilsole24ore-o-2021.svg,https://www.ilsole24ore.com/art/germania-456-milioni-occupati-2022-e-record-dall-unificazione-AEtsxbTC,0
2023-01-02,Bombe sulla base militare russa nel Donbass. Kiev: uccisi 400 soldati. Ex generale Nato: Negoziati tregua fra febbraio e maggio - ,https://www.ilsole24ore.com/static/img/ilsole24ore-o-2021.svg,https://www.ilsole24ore.com/art/ucraina-ultime-notizie-007-danimarca-putin-ha-forti-dolori-suo-futuro-incerto-AERNwaTC,0
2023-01-02,Il 2023 delle criptovalute. Quali scenari si aprono adesso per Bitcoin e le altre?,https://www.ilsole24ore.com/static/img/ilsole24ore-o-2021.svg,https://www.ilsole24ore.comhttps://24plus.ilsole24ore.com/art/il-2023-criptovalute-quali-scenari-si-aprono-adesso-bitcoin-e-altre-AEOH6ZPC?s=hpf,0
2023-01-02,"Climate change, è corsa contro il tempo per frenare emissioni di gas serra e aumento delle temperature",https://www.ilsole24ore.com/static/img/ilsole24ore-o-2021.svg,https://www.ilsole24ore.comhttps://24plus.ilsole24ore.com/art/climate-change-e-corsa-contro-tempo-frenare-emissioni-gas-serra-e-aumento-temperature-AE88H3MC?s=hpf,0
2023-01-02,Guerra e inflazione: come proteggere i nostri risparmi nel 2023,https://www.ilsole24ore.com/static/img/ilsole24ore-o-2021.svg,https://www.ilsole24ore.comhttps://24plus.ilsole24ore.com/art/guerra-e-inflazione-come-proteggere-nostri-risparmi-2023-AEVHvAPC?s=hpf,0
2023-01-02,"Covid, cos’è Gryphon e perché preoccupa - ",https://www.ilsole24ore.com/static/img/ilsole24ore-o-2021.svg,https://www.ilsole24ore.com/art/che-cos-e-griphon-e-perche-preoccupa-AE5ZgrSC,0
2023-01-02,Mps: «Superati i dubbi sulla continuità aziendale»,https://www.ilsole24ore.com/static/img/ilsole24ore-o-2021.svg,https://www.ilsole24ore.com/art/mps-superati-dubbi-continuita-aziendale-AEC9PbTC,0
2023-01-02,La salma di Benedetto XVI esposta a San Pietro. Giovedì i funerali - ,https://www.ilsole24ore.com/static/img/ilsole24ore-o-2021.svg,https://www.ilsole24ore.com/art/i-fedeli-rendono-omaggio-benedetto-xvi-giovedi-funerali-AEaxAbTC,0
2023-01-02,L'addio a Benedetto XVIOmaggio di Mattarella e Meloni,https://www.ansa.it/webimages/img_700/2023/1/2/1a842b4cf3efd029688cb2cece317a56.jpg,https://www.ansa.it/sito/notizie/cronaca/2023/01/02/ratzinger-da-oggi-lomaggio-dei-fedeli_7112540e-9b7f-4d1a-87df-317ca0897957.html,0
2023-01-02,Kiev: 'Morti 400 soldati russi nel raid di Makiivka',https://www.ansa.it/webimages/img_700/2023/1/1/49f431768ada423f82215d4f7b1682fa.jpg,https://www.ansa.it/sito/notizie/politica/2023/01/01/kiev-sottattacco-a-capodanno-nuove-voci-su-putin-malato_899d45a1-8c4b-446b-aa5f-053f3d912e4b.html,0
2023-01-02,Blitz di Ultima Generazione a Palazzo Madama,https://www.ansa.it/webimages/img_700/2023/1/2/099546dc80d6bcfbb905547392146b55.jpg,https://www.ansa.it/sito/notizie/cronaca/2023/01/02/blitz-ambientalista-a-palazzo-madama_edca6521-4861-442a-b1fa-ecbafd0713f8.html,0
2023-01-02,"Due soccorsi in poche ore,ok a Msf per il porto di Taranto",https://www.ansa.it/webimages/img_700/2022/11/6/f1a944f2ac7a73770d78060480332c20.jpg,https://www.ansa.it/sito/notizie/cronaca/2023/01/02/msf-soccorsi-in-mare-41-migranti-su-richiesta-italia_5b945451-e26e-4127-8367-0ddc593edbcc.html,0
2023-01-02,"Pugno in faccia, ventunenne grave nel Salento",https://www.ansa.it/webimages/img_700/2023/1/2/aedecbcf9814f27d0231ae2e93f87498.jpg,https://www.ansa.it/sito/notizie/cronaca/2023/01/02/amico-gli-sferra-pugno-al-volto-21enne-grave-in-salento_9f66d16e-f144-49f6-8a14-4f1b154c0464.html,0
2023-01-02,"Percettori del reddito legati ai clan, scattano i sequestri",https://www.ansa.it/webimages/img_700/2022/5/7/2e06201bb4d17333909c88710d03cf29.jpg,https://www.ansa.it/campania/notizie/2023/01/02/percettori-del-reddito-legati-ai-clan-scattano-i-sequestri_e7ffe533-de1a-4d79-aa7c-156b53e16ffa.html,0
2023-01-02,"Sale il prezzo della benzina  Effetto doppio,+20 centesimi",https://www.ansa.it/webimages/img_700/2022/3/24/cd3b8c077cced5bdb7aef4d24a972726.jpg,https://www.ansa.it/sito/notizie/economia/2023/01/02/benzina-prezzo-sale-via-lo-sconto-effetto-doppio20-cent_0c0a6fbe-a343-4d11-b88d-a9099d4035ba.html,0
2023-01-02,"Il Brasile dice addio a Pelé, oggi veglia nello stadio Santos",https://www.ansa.it/webimages/img_700/2023/1/2/7315506e2838b3db66b9e99645cda283.jpg,https://www.ansa.it/sito/notizie/sport/2023/01/01/domani-veglia-funebre-per-pele-ma-dona-celeste-ancora-non-sa_d29cb4d0-4859-47a0-83f3-b9e4b3566185.html,0
2023-01-02,"Ecobonus, via alle prenotazioni per auto non inquinanti",https://www.ansa.it/webimages/img_700/2022/8/24/a3300e3cea61e270112041d4a893bfc7.jpg,https://www.ansa.it/canale_motori/notizie/istituzioni/2023/01/02/ecobonus-mimitda-10/1-prenotazioni-per-auto-non-inquinanti_3a8c6dd7-be7f-4587-bdc2-26ba8a025c7a.html,0
2023-01-02,Ue convoca una riunione sugli arrivi dalla Cina,https://www.ansa.it/webimages/img_700/2023/1/1/a244de1ad9bb45d988e5b3ee5007fe0e.jpg,https://www.ansa.it/sito/notizie/mondo/2023/01/01/ue-convoca-riunione-su-arrivi-da-cina.-xi-nuova-fase_ed52b05d-3250-4325-865b-3ca1c41c8a22.html,0
2023-01-02,La polizia iraniana controlla l'uso del velo in auto,https://www.ansa.it/webimages/img_700/2022/10/2/6f5b369dedf05d044b343edb9e4522fb.jpg,https://www.ansa.it/sito/notizie/mondo/2023/01/02/-iran-polizia-riprende-a-controllare-uso-del-velo-islamico-_ee7bbdf3-b2be-4d45-8a7d-9673260c1de5.html,0
2023-01-02,"Arrivano i saldi, il calendario Giro d'affari da 4,7 miliardi",https://www.ansa.it/webimages/img_700/2022/1/10/4f82faa9bf31fffac7c9167bc98c3148.jpg,https://www.ansa.it/sito/notizie/economia/pmi/2023/01/01/saldi-confcommercio-sconti-al-via-giro-daffari-da-47mld_161f0f50-8fde-4834-b156-acf0dd0affec.html,0
2023-01-02,"Zaia, Crisanti e la guerra delle intercettazioni: “I tamponi? Lo faremo schiantare”. Gli scienzati contro il virologo che si dimette dall'università di Padova. La mail: “Voglio essere libero”",https://www.gedistatic.it/content/gnn/img/lastampa/2022/11/29/173921499-2b89417f-de44-4811-8c3c-1f48d6bf951d.jpg?webp,https://www.lastampa.it/cronaca/2023/01/02/news/zaia_intercettato_sulla_guerra_dei_tamponi_rapidi_crisanti_lo_faro_schiantare-12443591/,0
2023-01-02,"Accoltellata alla stazione Termini, l’ipotesi: colpita da uno sbandato perché non gli ha dato dei soldi",https://www.gedistatic.it/content/gnn/img/lastampa/2023/01/02/162604499-52652b67-4b8b-4854-a222-45bb4925a2db.jpg?webp,https://www.lastampa.it/cronaca/2023/01/02/news/le_coltellate_i_blitz_il_movente_nelle_riprese_video_la_verita_sullaccoltellamento_di_termini-12443967/,0
2023-01-02,La corsa della benzina dopo la fine degli sconti: aumento da 20 centesimi al litro,https://www.gedistatic.it/content/gnn/img/lastampa/2023/01/02/152318082-0f39a03d-40ec-4fac-a310-aa36929156bc.jpg?webp,https://www.lastampa.it/economia/2023/01/02/news/la_corsa_della_benzina_dopo_la_fine_degli_sconti_aumento_da_20_centesimi_al_litro-12443816/,0
2023-01-02,"Qatargate: via l’immunità per Cozzolino e Tarabella, l'inchiesta entra nella fase 2",https://www.gedistatic.it/content/gnn/img/lastampa/2023/01/02/152318082-0f39a03d-40ec-4fac-a310-aa36929156bc.jpg?webp,https://www.lastampa.it/esteri/2023/01/02/news/qatargate_chiesta_la_revoca_dellimmunita_per_cozzolino_e_tarabella-12443806/,0
2023-01-02,"Guerra Russia Ucraina, droni su Kiev, black out. Battaglia per l’autostrada nel Donbass. 007 danesi: “Putin ha il cancro”. Arciprete accoltellato a Vinnytsa",https://www.gedistatic.it/content/gnn/img/lastampa/2023/01/02/083727321-f6281fd9-2ade-4651-bdd8-ea32ab676f54.jpg?webp,https://www.lastampa.it/esteri/2023/01/02/diretta/guerra_russia_ucraina_ancora_attacchi_russi_con_i_droni_su_kiev_dopo_gli_allarmi_aerei_su_tutta_la_regione_orientale-12443260/,0
2023-01-02,"Tennis, Navratilova: “Ho un doppio tumore, lotterò con tutte le forze che ho”",https://www.gedistatic.it/content/gnn/img/lastampa/2023/01/02/172834924-793e6dcc-968a-4aa0-b24d-42eff94dd196.jpg?webp,https://www.lastampa.it/sport/tennis/2023/01/02/news/tennis_navratilova_ho_un_doppio_tumore_lottero_con_tutte_le_forze_che_ho-12444054/,0
2023-01-02,"Ecco gli incentivi auto 2023, si potranno prenotare dal 10 gennaio",https://www.gedistatic.it/content/gnn/img/lastampa/2023/01/02/183231917-49cc4059-d9f0-4ae6-bf66-272b1d7a782f.jpg?webp,https://www.lastampa.it/motori/2023/01/02/news/incentivi_auto_2023_si_potranno_prenotare_dal_10_gennaio-12444198/,0
2023-01-02,Un presidente normale per tempi eccezionali,https://www.gedistatic.it/content/gnn/img/lastampa/2023/01/02/183231917-49cc4059-d9f0-4ae6-bf66-272b1d7a782f.jpg?webp,https://www.lastampa.it/rubriche/elezioni-conto-alla-rovescia/2023/01/02/audio/un_presidente_normale_per_tempi_eccezionali-12443150/,0
2023-01-02,La vera storia del Msi,https://www.gedistatic.it/content/gnn/img/lastampa/2023/01/02/025831454-39e68d25-4d37-4148-bbcd-a27059c72d6b.jpg?webp,https://www.lastampa.it/rubriche/daytime/2023/01/02/audio/la_vera_storia_del_msi-12443152/,0
2023-01-02,"La stagione post-populista, una sfida anche per la destra",https://www.gedistatic.it/content/gnn/img/lastampa/2023/01/02/005949115-db29759e-d48e-4d2b-bdf5-e6397583b292.jpg?webp,https://www.lastampa.it/audio/audioarticoli/2023/01/02/audio/la_stagione_post-populista_una_sfida_anche_per_la_destra-12443142/,0
2023-01-02,Le democrazie “resilienti” e l’anno zero delle autocrazie,https://www.gedistatic.it/content/gnn/img/lastampa/2023/01/02/005949115-db29759e-d48e-4d2b-bdf5-e6397583b292.jpg?webp,https://www.lastampa.it/editoriali/l-editoriale-massimo-giannini/2022/12/31/news/le_democrazie_resilienti_e_lanno_zero_delle_autocrazie-12440595/,0
2023-01-02,"In fila a San Pietro per l’omaggio a Benedetto XVI, Mattarella e Meloni fra i primi a visitare la Basilica


            (Video)",https://www.gedistatic.it/content/gnn/img/lastampa/2023/01/02/005949115-db29759e-d48e-4d2b-bdf5-e6397583b292.jpg?webp,https://www.lastampa.it/cronaca/2023/01/02/diretta/addio_a_benedetto_xvi_la_slama_oggi_a_san_pietro_giovedi_i_funerali_meloni_tra_i_primi_a_rendere_omaggio-12443328/,0
2023-01-02,Bertone e Ratzinger: “Provai a fargli rinviare la rinuncia ma aveva deciso nella preghiera”,https://www.gedistatic.it/content/gnn/img/lastampa/2023/01/01/201010495-66c575b2-0174-4967-9141-1082b7199135.jpg?webp,https://www.lastampa.it/cronaca/2023/01/02/news/bertone_e_ratzinger_provai_a_fargli_rinviare_la_rinuncia_ma_aveva_deciso_nella_preghiera-12442937/,0
2023-01-02,Il Papa tedesco che amava la cucina italiana: nel bicchiere aranciata e Moscato,https://www.gedistatic.it/content/gnn/img/lastampa/2023/01/02/174657905-67eda926-d0dd-40af-a6ae-74525ac14df4.jpg?webp,https://www.lastampa.it/il-gusto/2023/01/02/news/papa_ratzinger_benedetto_e_cucina_italiana_aranciata_e_moscato_mamma_cuoca-381737584/,0
2023-01-02,"Denise Pipitone, arriva il nuovo codice fiscale a casa dei genitori: “Lei c'è, fino a prova contraria”",https://www.gedistatic.it/content/gnn/img/lastampa/2023/01/02/180645503-bf18c5c2-b95b-4059-a651-2ebff34ccf5e.jpg?webp,https://www.lastampa.it/cronaca/2023/01/02/news/denise_pipitone_arriva_il_nuovo_codice_fiscale_i_genitori_lei_ce_fino_a_prova_contraria-12444139/,0
2023-01-03,10 startup italiane da tenere d'occhio nel 2023,https://media-assets.wired.it/photos/63a469499cbd6442e395105b/4:3/w_1024%2Cc_limit/1150830261,https://www.wired.it/startup-10-italiane-2023/,0
2023-01-03,Come cambieranno i viaggi in aereo nei prossimi 10 anni,https://media-assets.wired.it/photos/63a04e9bec83edc339ad4941/16:9/w_640%2Cc_limit/4_generazione%2520Z%2520millennial%2520aeroporti.jpg,https://www.wired.it/aereo-viaggi-trasformazione-digitale/,0
2023-01-03,Il cloud di Amazon ha un problema di diritti umani,https://media-assets.wired.it/photos/639c3940126f86fbc964d79b/16:9/w_640%2Cc_limit/Amazon-Shareholders-Human-Rights-Review-Vote-Business-1237131975.jpg,https://www.wired.it/article/amazon-cloud-violazione-diritti-umani-stati-uniti-israele/,0
2023-01-03,Brutti incontri nel metaverso,https://media-assets.wired.it/photos/62c2fca9b036255ca450df51/16:9/w_640%2Cc_limit/GettyImages-1351845630.jpg,https://www.wired.it/article/metaverso-regole-molestie-abusi-privacy/,0
2023-01-03,Se usate LastPass è il momento di cambiare password manager,https://media-assets.wired.it/photos/63b29ea0874a6a9ea38e8ffa/16:9/w_640%2Cc_limit/security-code-theft.jpg,https://www.wired.it/article/lastpass-attacco-cambiare-password-manager/,0
2023-01-03,Distinti signori ottocenteschi diventano Goldrake: il surrealismo gioca con il what if?,https://media-assets.wired.it/photos/63986861cc29e4418976eb67/16:9/w_1600%2Cc_limit/Marvellini%2C%2520Goldrake%2520Cilindro.jpg,https://www.wired.it/gallery/surrealismo-intergenerazionale-kazanjian-marvellini-pledger/,0
2023-01-03,"Fisco, dalle tre aliquote Irpef al quoziente familiare: ecco da dove riparte la riforma",https://www.ilsole24ore.com/static/img/ilsole24ore-o-2021.svg,https://www.ilsole24ore.com/art/fisco-tre-aliquote-irpef-quoziente-familiare-ecco-dove-riparte-riforma-AEeHjeTC,0
2023-01-03,"Borse, prosegue il recupero d'inizio anno. Milano in rialzo con Saipem - ",https://www.ilsole24ore.com/static/img/ilsole24ore-o-2021.svg,https://www.ilsole24ore.com/art/borse-hong-kong-apre-calo-futures-usa-oscillano-AEhJzfTC,0
2023-01-03,"Rc auto, nel 2023 più salata per 815mila automobilisti: per chi scattano i rincari - ",https://www.ilsole24ore.com/static/img/ilsole24ore-o-2021.svg,https://www.ilsole24ore.com/art/rc-auto-2023-piu-salata-815mila-automobilisti-ecco-chi-scattano-rincari-AE95adTC,0
2023-01-03,Summit con la Ue il 3 febbraio a Kiev su sostegno finanziario e militare - Podcast / ,https://www.ilsole24ore.com/static/img/ilsole24ore-o-2021.svg,https://www.ilsole24ore.com/art/ucraina-ultime-notizie-ucraina-distrutto-deposito-munizioni-russe-luhansk-italia-13mila-cyber-attacchi-legati-guerra-AEbvXpTC,0
2023-01-03,Reddito di cittadinanza e smart working: come cambia il mondo del lavoro - ,https://www.ilsole24ore.com/static/img/ilsole24ore-o-2021.svg,https://www.ilsole24ore.com/art/reddito-cittadinanza-smart-working-e-stranieri-ecco-come-cambia-mondo-lavoro-2023-AEiOiTTC,0
2023-01-03,Assegno unico rivalutato da febbraio: gli aumenti in base a reddito e numero di figli,https://www.ilsole24ore.com/static/img/ilsole24ore-o-2021.svg,https://www.ilsole24ore.com/art/l-assegno-unico-rivalutato-febbraio-aumenti-50percento-AEXQH7SC,0
2023-01-03,Da Amazon a Netflix: così il Fisco italiano ha incassato tre miliardi dalle multinazionali del web,https://www.ilsole24ore.com/static/img/ilsole24ore-o-2021.svg,https://www.ilsole24ore.comhttps://24plus.ilsole24ore.com/art/da-amazon-netflix-cosi-fisco-italiano-ha-incassato-tre-miliardi-multinazionali-web-AE2v6cTC?s=hpf,0
2023-01-03,"Casa, tasse, bollette: la guida completa alle 130 novità del 2023",https://www.ilsole24ore.com/static/img/ilsole24ore-o-2021.svg,https://www.ilsole24ore.comhttps://24plus.ilsole24ore.com/art/casa-tasse-bollette-ecco-guida-completa-130-novita-2023-AEIhJITC?s=hpf,0
2023-01-03,L’oroscopo dei mercati? Il 2023 è l’anno dei bond (ma i rischi sono alti),https://www.ilsole24ore.com/static/img/ilsole24ore-o-2021.svg,https://www.ilsole24ore.comhttps://24plus.ilsole24ore.com/art/l-oroscopo-mercati-il-2023-e-l-anno-bond-ma-rischi-sono-alti-AEe24xOC?s=hpf,0
2023-01-03,"Numeri da record sulle piste da sci, ma in Val d’Aosta la neve risente del caldo",https://www.ilsole24ore.com/static/img/ilsole24ore-o-2021.svg,https://www.ilsole24ore.com/art/numeri-record-piste-sci-si-punta-bissare-stagione-2018-19-AEDcfcTC,0
2023-01-03,"Saldi invernali, dopo Sicilia e Basilicata tocca alla Valle d’Aosta e il 5 altrove - ",https://www.ilsole24ore.com/static/img/ilsole24ore-o-2021.svg,https://www.ilsole24ore.com/art/al-via-saldi-invernali-sicilia-e-basilicata-domani-valle-d-aosta-e-5-gennaio-altre-regioni-AEG4OSTC,0
2023-01-03,"Covid, cos’è Gryphon e perché preoccupa - ",https://www.ilsole24ore.com/static/img/ilsole24ore-o-2021.svg,https://www.ilsole24ore.com/art/che-cos-e-griphon-e-perche-preoccupa-AE5ZgrSC,0
2023-01-03,In Italia 13mila attacchi cybercampagne legate alla guerra,https://www.ansa.it/webimages/img_700/2021/7/21/789f2269ed227ad059ded6e6bf981204.jpg,https://www.ansa.it/sito/notizie/cronaca/2023/01/03/campagne-cyber-legate-a-guerra-in-italia-13mila-attacchi_fb94ed66-02c4-45b9-8305-8748ffc5701a.html,0
2023-01-03,"Ita: pubblicato il decreto,  riparte l'iter di privatizzazione",https://www.ansa.it/webimages/img_700/2022/11/23/9d20da123bf2f01eac449d02fdc54d69.jpg,https://www.ansa.it/sito/notizie/economia/2023/01/02/ita-pubblicato-il-dpcm-riparte-iter-privatizzazione_453f536a-e285-401b-bfbe-dfa05dbb0800.html,0
2023-01-03,Crisanti lascia l'Università Nuovo scontro con Zaia,https://www.ansa.it/webimages/img_700/2023/1/2/37cf9a7d961fd1e5dfb851a3f4d8af73.jpg,https://www.ansa.it/sito/notizie/cronaca/2023/01/02/covid-nuovo-scontro-zaia-crisanti-su-test-rapidi_c36cd7d6-580e-4f10-8283-f513e3f2b0de.html,0
2023-01-03,"L'addio a Ratzinger, fila di fedeli a San Pietro",https://www.ansa.it/webimages/img_700/2023/1/2/a48c0c791c78ec5e4a954ecb13b7faac.jpg,https://www.ansa.it/sito/notizie/cronaca/2023/01/02/laddio-a-ratzinger-fila-di-fedeli-a-san-pietro_d85a6e76-3ec2-42be-9969-158746b79414.html,0
2023-01-03,Chiesto lo stop all'immunità per Cozzolino e Tarabella,https://www.ansa.it/webimages/img_700/2023/1/2/6dc8f928b35d7982e6d4df5c3633fafc.jpg,https://www.ansa.it/sito/notizie/politica/2023/01/02/il-parlamento-ue-evoca-limmunita-a-2-europarlamentari_98a6a057-5919-4834-969f-94ad84c4b4f7.html,0
2023-01-03,Blitz a palazzo Madama.Arrestati tre ambientalisti,https://www.ansa.it/webimages/img_700/2023/1/2/099546dc80d6bcfbb905547392146b55.jpg,https://www.ansa.it/sito/notizie/cronaca/2023/01/02/blitz-ambientalista-a-palazzo-madama_edca6521-4861-442a-b1fa-ecbafd0713f8.html,0
2023-01-03,A Santos Brasile in fila per PeléIn cielo l'omaggio dei droni,https://www.ansa.it/webimages/img_700/2023/1/2/b741d6cf3cb6340ce7b86964e014b183.jpg,https://www.ansa.it/sito/notizie/sport/2023/01/02/a-santos-brasile-in-fila-per-pele-ha-vinto-lamore-_d29cb4d0-4859-47a0-83f3-b9e4b3566185.html,0
2023-01-03,Kiev attacca una base russa Strage di soldati di Mosca,https://www.ansa.it/webimages/img_700/2022/12/30/da4a55b1ddf5d854677cd4968b1de65a.jpg,https://www.ansa.it/sito/notizie/politica/2023/01/02/kiev-attacca-una-base-russa-in-donetsk.-strage-di-soldati_899d45a1-8c4b-446b-aa5f-053f3d912e4b.html,0
2023-01-03,"Bimbo cade in un pozzo,Vietnam col fiato sospeso",https://www.ansa.it/webimages/img_700/2023/1/2/ecc0d5264ffb64c46fd67a86fcb288d8.jpg,https://www.ansa.it/sito/notizie/mondo/2023/01/02/vietnambimbo-in-un-pozzo-di-35-metri-lotta-contro-il-tempo_db3fcd1b-023f-4976-8e2c-897de482c533.html,0
2023-01-03,"Navratilova: 'Ho un doppio tumore, ma conto di uscirne'",https://www.ansa.it/webimages/img_700/2015/7/13/1045bd8bd6ea134671b283b0dacfc1d3.jpg,https://www.ansa.it/sito/notizie/sport/tennis/2023/01/02/tennis-navratilova-ho-doppio-tumore-ma-conto-di-uscirne_00b673a7-3f63-4101-b19b-4c4b35803688.html,0
2023-01-03,Maestra elementare strangolataFermata la figlia 17enne,https://www.ansa.it/webimages/img_700/2023/1/2/67a486c2b57a439fb583f65c9be49827.jpg,https://www.ansa.it/sicilia/notizie/2023/01/02/strangolata-in-casa-nel-palermitano-fermata-figlia-17enne_479f0802-2534-4e38-933e-8a6d0a7269d1.html,0
2023-01-03,"Ecobonus, dal 10 prenotazioni per auto non inquinanti",https://www.ansa.it/webimages/img_700/2022/8/24/a3300e3cea61e270112041d4a893bfc7.jpg,https://www.ansa.it/canale_motori/notizie/istituzioni/2023/01/02/ecobonus-mimitda-10/1-prenotazioni-per-auto-non-inquinanti_3a8c6dd7-be7f-4587-bdc2-26ba8a025c7a.html,0
2023-01-03,"Gas, mutui, cibo, assicurazioni e mezzi pubblici: per le famiglie una stangata da 2400 euro all'anno",/webimages/img_700/2022/8/24/a3300e3cea61e270112041d4a893bfc7.jpg,https://www.lastampa.it/economia/2023/01/03/news/dalla_luce_ai_trasporti_ecco_la_stangata_di_inizio_anno-12444560/,0
2023-01-03,"Lavoro, i sindacati in rivolta: “Calderone sbaglia sul salario minimo”",/webimages/img_700/2022/8/24/a3300e3cea61e270112041d4a893bfc7.jpg,https://www.lastampa.it/economia/2023/01/03/news/sindacati_in_rivolta_calderone_sbaglia_sul_salario_minimo-12444599/,0
2023-01-03,"Conte va a Cortina, la polemica a destra è da cinepanettone",https://www.gedistatic.it/content/gnn/img/lastampa/2023/01/02/225109863-ace6804b-3a21-4c89-b91e-f2d1f12c92e0.jpg?webp,https://www.lastampa.it/editoriali/lettere-e-idee/2023/01/03/news/conte_a_cortina_polemica_da_cinepanettone-12444646/,0
2023-01-03,"Iran, la petizione de La Stampa per Fahimeh supera le 300 mila firme",https://www.gedistatic.it/content/gnn/img/lastampa/2023/01/03/091925422-fe9552b8-d048-45c4-a14b-801ada190149.jpg?webp,https://www.lastampa.it/esteri/2023/01/03/news/iran_la_petizione_de_la_stampa_per_fahimeh_supera_le_300_mila_firme-12445023/,0
2023-01-03,"Il mistero delle coltellate alla stazione, simboli ebraici sullo zaino della turista",https://www.gedistatic.it/content/gnn/img/lastampa/2023/01/03/074939819-964951e1-50e3-4626-bf9b-9c549c4747f4.jpg?webp,https://www.lastampa.it/cronaca/2023/01/03/news/il_mistero_delle_coltellate_alla_stazione_simboli_ebraici_sullo_zaino_della_turista-12444861/,0
2023-01-03,"Qatargate, l’accusa di Panzeri a Cozzolino: “Io non ho prove ma dovete controllarlo”",https://www.gedistatic.it/content/gnn/img/lastampa/2023/01/03/084954188-9fdeb664-b545-4667-be4e-fcbdaa530ba4.jpg?webp,https://www.lastampa.it/cronaca/2023/01/03/news/qatargate_laccusa_di_panzeri_a_cozzolino_io_non_ho_prove_ma_dovete_controllarlo-12444994/,0
2023-01-03,"Dal campo rom al campo di calcio, la squadra voluta dal fumettista Gipi: ""Il riscatto passa dal pallone""",https://www.gedistatic.it/content/gnn/img/lastampa/2023/01/03/085446709-68f5e985-25a1-4554-8042-f00bd76dc9a5.jpg?webp,https://www.lastampa.it/sport/2023/01/03/video/dal_campo_rom_al_campo_di_calcio_la_squadra_voluta_dal_fumettista_gipi_il_riscatto_passa_dal_pallone-12444999/,0
2023-01-03,Le democrazie “resilienti” e l’anno zero delle autocrazie,https://www.gedistatic.it/content/gnn/img/lastampa/2023/01/03/085446709-68f5e985-25a1-4554-8042-f00bd76dc9a5.jpg?webp,https://www.lastampa.it/editoriali/l-editoriale-massimo-giannini/2022/12/31/news/le_democrazie_resilienti_e_lanno_zero_delle_autocrazie-12440595/,0
2023-01-03,"Zaia-Crisanti, la bufera delle intercettazioni e il caso dei test rapidi: ecco cosa sta succedendo",https://www.gedistatic.it/content/gnn/img/lastampa/2023/01/03/085446709-68f5e985-25a1-4554-8042-f00bd76dc9a5.jpg?webp,https://www.lastampa.it/cronaca/2023/01/03/news/zaia-crisanti_la_bufera_delle_intercettazioni_e_il_caso_dei_test_rapidi_ecco_cosa_sta_succedendo-12444935/,0
2023-01-03,Il virologo all'attacco: “Via dall'Università e ora denuncio il governatore”,https://www.gedistatic.it/content/gnn/img/lastampa/2023/01/03/083736400-f811dfba-a8ed-4124-8ad8-e606cbbe2eb5.jpg?webp,https://www.lastampa.it/politica/2023/01/03/news/crisanti_macchina_del_fango_contro_di_me_sono_pronto_a_denunciare_zaia-12444842/,0
2023-01-04,Ecco come il Senato è arrivato a dire che digitale e smartphone rendono i giovani “decerebrati” ,https://media-assets.wired.it/photos/63b2d32070d3fae57a815a4b/4:3/w_1024%2Cc_limit/yura-fresh-xezXEh_fIeU-unsplash.jpg,https://www.wired.it/article/smartphone-a-scuola-giovani-decerebrati/,0
2023-01-04,Le 10 parole per capire l'economia del 2023,https://media-assets.wired.it/photos/6217b486c81b8c6480830916/16:9/w_640%2Cc_limit/GettyImages-970174988.jpg,https://www.wired.it/economia-2023-parole-chip-inflazione-recessione/,0
2023-01-04,"Fidatevi, la versione web dei social network è meglio delle app",https://media-assets.wired.it/photos/63b2c2a7140caef9afc5a6a0/16:9/w_640%2Cc_limit/SM_laptop_GEAR_GettyImages-1220606123-(1).jpg,https://www.wired.it/article/social-network-disintossicarsi-versione-web/,0
2023-01-04,I 10 crateri più affascinanti del Sistema Solare,https://media-assets.wired.it/photos/639c65ea743610241d545f03/16:9/w_640%2Cc_limit/Copernicus_(LRO)_2.png,https://www.wired.it/gallery/10-crateri-piu-affascinanti-del-sistema-solare/,0
2023-01-04,I videogiochi indie da tenere d'occhio nel 2023,https://media-assets.wired.it/photos/639f27607ed982625394ebd2/16:9/w_640%2Cc_limit/Hollow_Knight_Silksong.jpg,https://www.wired.it/videogiochi-indie-2023-titoli/,0
2023-01-04,Distinti signori ottocenteschi diventano Goldrake: il surrealismo gioca con il what if?,https://media-assets.wired.it/photos/63986861cc29e4418976eb67/16:9/w_1600%2Cc_limit/Marvellini%2C%2520Goldrake%2520Cilindro.jpg,https://www.wired.it/gallery/surrealismo-intergenerazionale-kazanjian-marvellini-pledger/,0
2023-01-04,"Auto e moto, dal 10 gennaio al via le domande per i nuovi incentivi: cosa c’è da sapere - ",https://www.ilsole24ore.com/static/img/ilsole24ore-o-2021.svg,https://www.ilsole24ore.com/art/auto-e-moto-10-gennaio-via-domande-i-nuovi-incentivi-cosa-c-e-sapere-AEvugjTC,0
2023-01-04,"Superbonus, flat tax, sanatorie e bonus: tutte le novità fiscali dopo la manovra - ",https://www.ilsole24ore.com/static/img/ilsole24ore-o-2021.svg,https://www.ilsole24ore.com/art/superbonus-flat-tax-sanatorie-e-bonus-tutte-novita-fiscali-la-manovra-AEAiFhTC,0
2023-01-04,"Borse asiatiche contrastate: corre Hong Kong, Tokyo chiude in rosso - ",https://www.ilsole24ore.com/static/img/ilsole24ore-o-2021.svg,https://www.ilsole24ore.com/art/borse-asiatiche-contrastate-corre-hong-kong-tokyo-ribasso-AEfNzyTC,0
2023-01-04,"Media: Esplosioni a Sebastopoli, in Crimea. Kiev: Mosca perderà altri 70mila uomini in prossimi 4-5 mesi - ",https://www.ilsole24ore.com/static/img/ilsole24ore-o-2021.svg,https://www.ilsole24ore.com/art/ucraina-ultime-notizie-kiev-mosca-perdera-altri-70mila-uomini-prossimi-4-5-mesi-AEuPT6TC,0
2023-01-04,"Gas, aumenta del 23,3% la bolletta di dicembre - ",https://www.ilsole24ore.com/static/img/ilsole24ore-o-2021.svg,https://www.ilsole24ore.com/art/gas-aumenta-233percento-bolletta-dicembre-AEcaWxTC,0
2023-01-04,"Carta Acquisti, dal modulo per fare domanda ai requisiti: come ottenerla",https://www.ilsole24ore.com/static/img/ilsole24ore-o-2021.svg,https://www.ilsole24ore.com/art/carta-acquisti-modulo-fare-domanda-requisiti-quello-che-c-e-sapere-AEImHdTC,0
2023-01-04,"Casa, «bonus barriere»: come ottenere fino a 50mila euro di incentivi",https://www.ilsole24ore.com/static/img/ilsole24ore-o-2021.svg,https://www.ilsole24ore.comhttps://24plus.ilsole24ore.com/art/casa-bonus-barriere-come-ottenere-fino-50mila-euro-incentivi-AEcsaeTC?s=hpf,0
2023-01-04,"Mutui, il 2023 sarà l’anno del tasso fisso: ecco le strade per dare l’addio al variabile",https://www.ilsole24ore.com/static/img/ilsole24ore-o-2021.svg,https://www.ilsole24ore.comhttps://24plus.ilsole24ore.com/art/mutui-2023-sara-l-anno-tasso-fisso-ecco-strade-dare-l-addio-variabile-AEbvEgTC?s=hpf,0
2023-01-04,"Siamo in stagflazione? No, è agflazione: ecco perché la Bce sta sbagliando",https://www.ilsole24ore.com/static/img/ilsole24ore-o-2021.svg,https://www.ilsole24ore.comhttps://24plus.ilsole24ore.com/art/siamo-stagflazione-no-e-agflazione-ecco-perche-bce-sta-sbagliando-AEP86dTC?s=hpf,1
2023-01-04,Ftx e l’ipotesi di frode: Sam Bankman-Fried si dichiara non colpevole - ,https://www.ilsole24ore.com/static/img/ilsole24ore-o-2021.svg,https://www.ilsole24ore.com/art/ftx-e-l-ipotesi-frode-sam-bankman-fried-si-dichiara-non-colpevole-AEqW7zTC,0
2023-01-04,  Nasdaq: Ipo ai minimi da 30 anni. Dopo l’anno nero faro su Stripe,https://www.ilsole24ore.com/static/img/ilsole24ore-o-2021.svg,https://www.ilsole24ore.com/art/nasdaq-ipo-minimi-30-anni-l-anno-nero-faro-su-stripe-AEDmnsTC,0
2023-01-04," Ita, Lufthansa prepara l’offerta dopo l’ok alla privatizzazione",https://www.ilsole24ore.com/static/img/ilsole24ore-o-2021.svg,https://www.ilsole24ore.com/art/ita-lufthansa-prepara-l-offerta-l-ok-privatizzazione-AEMCQsTC,0
2023-01-04,Rincara la bolletta del gas Nel 2022 1.866 euro in più,https://www.ansa.it/webimages/img_700/2022/11/29/355cd7277fdfcd51738ad9665a9b878a.jpg,https://www.ansa.it/sito/notizie/economia/2023/01/03/gas-aumenta-del-233-la-bolletta-di-dicembre.-nel-2022-spesi-1866-euro-a-famiglia-_447ab04e-ade7-4982-bca3-e7b95d082edd.html,0
2023-01-04,"Giovane israeliana accoltellata a Roma, arrestato l'aggressore",https://www.ansa.it/webimages/img_700/2023/1/3/7fcccb570fb09f7fc1e10ba2b82b4d69.jpg,https://www.ansa.it/sito/notizie/cronaca/2023/01/03/giovane-israeliana-accoltellata-a-roma-arrestato-laggressore-era-su-un-treno-per-brescia_427308a8-9d51-42aa-8cc8-e4f596d07eb2.html,0
2023-01-04,"Sparatoria a Indianapolis, un morto e un ferito",https://www.ansa.it/webimages/img_700/2022/7/5/57a36eedde71a115696bbd11a060c918.jpg,https://www.ansa.it/sito/notizie/mondo/nordamerica/2023/01/04/usa-sparatoria-a-indianapolis-un-morto-e-un-ferito_208003dc-f3ec-4367-8384-4b0dd2004379.html,0
2023-01-04,La Geo Barents a Taranto Meloni:'Basta con spola scafisti',https://www.ansa.it/webimages/img_700/2022/12/30/1b33d9cfbd7d9b7319da0c6d4d8f6348.jpg,https://www.ansa.it/sito/notizie/politica/2023/01/04/la-geo-barents-e-arrivata-a-taranto-con-85-migranti-a-bordo_e2d31c6f-776d-479c-9c47-db1ce49b9824.html,0
2023-01-04,"Torture e sevizie su un 13enne, arrestati due 15enni",https://www.ansa.it/webimages/img_700/2023/1/4/08ba3333c9e9edeea88a00e663b5af7e.jpg,https://www.ansa.it/sicilia/notizie/2023/01/04/torture-e-sevizie-su-un-13enne-cc-arrestano-due-15enni_ce571d9e-5a6c-45d9-8cd3-8c4627aa6ab2.html,0
2023-01-04,Calderoli: 'Non spacco l'Italia'. Ma l'opposizione va all'attacco,https://www.ansa.it/webimages/img_700/2023/1/3/eb526abad9b8976aded08e275c62d679.jpg,https://www.ansa.it/sito/notizie/politica/2023/01/03/calderoli-ma-quale-spacca-italia.-ma-lopposizione-va-allattacco_82ae127c-e865-491f-a7c5-fd06a3796e4a.html,0
2023-01-04,Cina: 'Inaccettabili i test Covid'Tajani: 'Nulla di offensivo',https://www.ansa.it/webimages/img_700/2023/1/3/03552db359becd0fedbba144117f499b.jpg,https://www.ansa.it/sito/notizie/mondo/2023/01/03/pechino-inaccettabili-i-test-covid-sui-viaggiatori-provenienti-dalla-cina.-tajani-nulla-di-offensivo_1d7d707f-bfb4-48b4-b83f-9249526eb9e3.html,0
2023-01-04,Per Ratzinger 135mila fedeliOrban alla camera ardente,https://www.ansa.it/webimages/img_700/2023/1/3/27062204ffda4c2eb3e49772e9868c80.jpg,https://www.ansa.it/sito/notizie/cronaca/2023/01/02/laddio-a-ratzinger-fila-di-fedeli-a-san-pietro_d85a6e76-3ec2-42be-9969-158746b79414.html,0
2023-01-04,Il corteo con la salma di Pelé davanti alla casa della madre,https://www.ansa.it/webimages/img_700/2023/1/3/e454fe32df3e5f8d11801558236274a4.jpg,https://www.ansa.it/sito/notizie/sport/2023/01/03/il-corteo-funebre-con-la-salma-di-pele-e-passato-davanti-alla-casa-della-madre_d29cb4d0-4859-47a0-83f3-b9e4b3566185.html,0
2023-01-04,McCarthy perde anche il terzo voto come speaker,https://www.ansa.it/webimages/img_700/2023/1/3/eafb699fac367140dac2c52797a0bffe.jpg,https://www.ansa.it/sito/notizie/mondo/2023/01/03/mccarthy-perde-anche-il-secondo-voto-come-speaker-della-camera-usa_d3123953-daa0-4c0a-9731-6b69b21cf41a.html,0
2023-01-04,"Ischia, torna a casa l'uomo salvato dal fango dell'alluvione",https://www.ansa.it/webimages/img_700/2022/12/1/aa147b9e526406ca91df67779810f483.jpg,https://www.ansa.it/sito/notizie/cronaca/2023/01/03/torna-casa-uomo-salvato-dal-fango-dellalluvione-di-casamicciola_688eb16d-d368-4171-bac1-d73ac3ecdda9.html,0
2023-01-04,"Domatore aggredito dalla tigre,Orfei 'sta bene, è stato graziato'",https://www.ansa.it/webimages/img_700/2022/12/30/5080ba2e17c063a37333c70563135611.jpg,https://www.ansa.it/sito/notizie/cronaca/2023/01/03/domatore-aggredito-da-tigre-orfei-sta-bene-e-stato-graziato_625c6e23-a515-43bd-96b9-d8e1cc7a1e66.html,0
2023-01-04,"Sequestrano e torturano un tredicenne: in carcere due quindicenni. Sputi, schiaffi e minacce: “Ti diamo fuoco”",/webimages/img_700/2022/12/30/5080ba2e17c063a37333c70563135611.jpg,https://www.lastampa.it/cronaca/2023/01/04/news/caltanissetta_sequestrano_e_picchiano_un_tredicenne_in_carcere_due_quindicenni-12446476/,0
2023-01-04,La vernice lavabile e il senso della realtà,https://www.gedistatic.it/content/gnn/img/lastampa/2023/01/04/022819136-d93dae0b-fccb-4f25-a7cc-d4ba544903e8.jpg?webp,https://www.lastampa.it/rubriche/daytime/2023/01/04/audio/la_vernice_lavabile_e_il_senso_della_realta-12446435/,0
2023-01-04,Serra: “Il rischio Italia? Ci salverà il poco debito privato e Meloni che segue la linea Draghi”,https://www.gedistatic.it/content/gnn/img/lastampa/2023/01/04/022819136-d93dae0b-fccb-4f25-a7cc-d4ba544903e8.jpg?webp,https://www.lastampa.it/economia/2023/01/04/news/davide_serra_ci_salvera_il_poco_debito_privato_e_meloni_che_segue_la_linea_draghi-12446297/,0
2023-01-04,"Soli, donne e anziani: il caro energia fa due milioni di poveri",https://www.gedistatic.it/content/gnn/img/lastampa/2023/01/03/212657018-f40df9e5-ae38-428f-9e50-ef4784ef7824.jpg?webp,https://www.lastampa.it/economia/2023/01/04/news/soli_donne_e_anziani_cosi_il_caro_energia_ha_fatto_piu_di_due_milioni_di_poveri-12446252/,0
2023-01-04,“Partito unico? Non esiste”. Meloni gela gli alleati in crisi,https://www.gedistatic.it/content/gnn/img/lastampa/2022/12/30/114149143-234706da-a0df-41ff-99b0-418eda5f35d4.jpg?webp,https://www.lastampa.it/politica/2023/01/04/news/partito_unico_non_esiste_meloni_gela_gli_alleati_in_crisi-12446450/,0
2023-01-04,"Calderoli: “Non spacchiamo l’Italia, tutta la destra è con me”",https://www.gedistatic.it/content/gnn/img/lastampa/2023/01/04/065156280-cee05ccc-5136-44b8-ac27-89d2188eb67a.jpg?webp,https://www.lastampa.it/politica/2023/01/04/news/partito_unico_non_esiste_meloni_gela_gli_alleati_in_crisi-12446306/,0
2023-01-04,Quegli eco-guerrieri che lo Stato vuole in carcere,https://www.gedistatic.it/content/gnn/img/lastampa/2023/01/03/224943491-d4f115c1-2ff5-47b1-bcae-640eb68a9fde.jpg?webp,https://www.lastampa.it/editoriali/lettere-e-idee/2023/01/04/news/quegli_eco-guerrieri_che_lo_stato_vuole_in_carcere-12446333/,0
2023-01-04,Le democrazie “resilienti” e l’anno zero delle autocrazie,https://www.gedistatic.it/content/gnn/img/lastampa/2023/01/03/224943491-d4f115c1-2ff5-47b1-bcae-640eb68a9fde.jpg?webp,https://www.lastampa.it/editoriali/l-editoriale-massimo-giannini/2022/12/31/news/le_democrazie_resilienti_e_lanno_zero_delle_autocrazie-12440595/,0
2023-01-04,"Romeo e Giulietta, i protagonisti del film di Zeffirelli fanno causa: “Sfruttati i nostri nudi adolescenziali”",https://www.gedistatic.it/content/gnn/img/lastampa/2023/01/03/232142706-6f811171-46b7-4461-9a56-cf39adef461d.jpg?webp,https://www.lastampa.it/spettacoli/cinema/2023/01/03/news/romeo_e_giulietta_i_protagonisti_del_film_di_zeffirelli_fanno_causa_alla_paramount_sfruttati_i_nostri_nudi_adolescenziali-12446340/,0
2023-01-04,A Termini tra risse e degrado: “Il pulsante antirapina non basta”,https://www.gedistatic.it/content/gnn/img/lastampa/2023/01/03/213945562-145f473d-91e9-4a82-bd3d-3242f1684198.jpg?webp,https://www.lastampa.it/cronaca/2023/01/04/news/a_termini_tra_risse_e_degrado_il_pulsante_antirapina_non_basta-12446267/,0
2023-01-04,"""Avatar: La Via dell'Acqua"": James Cameron racconta la scienza dietro all'universo immaginario di Pandora",https://static.nationalgeographic.it/files/styles/image_3200/public/df-137855_r2.jpg?w=1600&h=900,https://www.nationalgeographic.it/scienza/2022/12/avatar-la-via-dellacqua-james-cameron-racconta-la-scienza-dietro-alluniverso-immaginario-di-pandora,0
2023-01-04,Noi e Marco a piccoli passi,https://static.nationalgeographic.it/files/styles/image_3200/public/Hero.jpg?w=1600&h=900,https://www.nationalgeographic.it/pianeta-mengoni,0
2023-01-04,Guerra in Ucraina: che fine fanno gli animali abbandonati?,https://static.nationalgeographic.it/files/styles/image_3200/public/coverabandoned-pets-ukraine.jpg?w=1600&h=900,https://www.nationalgeographic.it/storia-e-civilta/2022/05/guerra-in-ucraina-che-fine-fanno-gli-animali-abbandonati,1
2023-01-04,COVID-19: quanto permane il virus nell’organismo?,https://static.nationalgeographic.it/files/styles/image_3200/public/longcovid_marcocarmignan_14.jpg?w=1600&h=900,https://www.nationalgeographic.it/scienza/2022/05/covid-19-quanto-permane-il-virus-nellorganismo,1
2023-01-04,Italia in bicicletta,https://static.nationalgeographic.it/files/styles/image_3200/public/share_7.png?w=1600&h=900,https://www.nationalgeographic.it/italia-in-bicicletta,1
2023-01-04,Diventa un explorer anche tu,https://static.nationalgeographic.it/files/styles/image_3200/public/share.jpg?w=1600&h=900,https://www.nationalgeographic.it/diventa-un-explorer-anche-tu,0
2023-01-04,Le 22 scoperte più sorprendenti del 2022 ,https://static.nationalgeographic.it/files/styles/image_3200/public/mm10039_100422_00082.jpg?w=1600&h=1200,https://www.nationalgeographic.it/scienza/2022/12/le-22-scoperte-piu-sorprendenti-del-2022,0
2023-01-04,"Questo parassita manipola la mente di lupi, ratti — e forse anche dell’uomo",https://static.nationalgeographic.it/files/styles/image_3200/public/lupogrigio.jpg?w=1600&h=900,https://www.nationalgeographic.it/animali/2022/12/questo-parassita-manipola-la-mente-di-lupi-ratti-e-forse-anche-delluomo,0
2023-01-04,Piantare miliardi di alberi aiuta a combattere il cambiamento climatico?,https://static.nationalgeographic.it/files/styles/image_3200/public/gettyimages-1175617123.jpg?w=1600&h=1200,https://www.nationalgeographic.it/ambiente/2021/03/piantare-alberi-aiuta-a-contrastare-il-cambiamento-climatico-ma-sono-necessari,2
2023-01-04,Questi animali straordinari superano l’inverno congelandosi: come riescono a sopravvivere?,https://static.nationalgeographic.it/files/styles/image_3200/public/img_3534.jpg?w=1600&h=1200,https://www.nationalgeographic.it/animali/2022/12/questi-animali-straordinari-superano-linverno-congelandosi-come-riescono-a-sopravvivere,0
2023-01-04,Perché frutta e verdura sono meno nutrienti di un tempo,https://static.nationalgeographic.it/files/styles/image_3200/public/mm9914220406002165.jpg?w=1600&h=900,https://www.nationalgeographic.it/scienza/2022/05/perche-frutta-e-verdura-sono-meno-nutrienti-di-un-tempo,1
2023-01-04,Planet Possible,https://static.nationalgeographic.it/files/styles/image_3200/public/header_1.jpg?w=1600&h=900,https://www.nationalgeographic.it/planet-possible,1
2023-01-04,Alla scoperta di Billund: la città “amica dei bambini” che custodisce la storia della Lego ,https://static.nationalgeographic.it/files/styles/image_3200/public/02_wp_house_10_24_full.jpg?w=1600&h=900,https://www.nationalgeographic.it/famiglia/2022/05/alla-scoperta-di-billund-la-citta-amica-dei-bambini-che-custodisce-la-storia-della-lego,0
2023-01-04,Ambiente,https://static.nationalgeographic.it/files/styles/image_3200/public/10-decade-of-climate-change.jpg?w=1600&h=900,https://www.nationalgeographic.it/ambiente,1
2023-01-04,Storia e Civiltà,https://static.nationalgeographic.it/files/styles/image_3200/public/1_archeologygallery_nationalgeographic_611691_0.jpg?w=1600&h=900,https://www.nationalgeographic.it/storia-e-civilta,0
2023-01-04,Viaggi,https://static.nationalgeographic.it/files/styles/image_3200/public/001_mt8385_190814_08427.jpg?w=1600&h=900,https://www.nationalgeographic.it/viaggi,1
2023-01-04,La guerra in Ucraina potrebbe far piombare il mondo nella carestia,https://static.nationalgeographic.it/files/styles/image_3200/public/001_gettyimages-1238855471.jpg?w=1600&h=1200,https://www.nationalgeographic.it/ambiente/2022/04/la-guerra-in-ucraina-potrebbe-far-piombare-il-mondo-nella-carestia,1
2023-01-04,LE STORIE STRAZIANTI DEI RIFUGIATI UCRAINI,https://static.nationalgeographic.it/files/styles/image_3200/public/mm969622030100272.jpg?w=1600&h=1200,https://www.nationalgeographic.it/storia-e-civilta/2022/03/le-storie-strazianti-dei-rifugiati-ucraini,1
2023-01-04,Guerra e razzismo: le tragiche storie dei migranti dall’Ucraina discriminati ai confini europei,https://static.nationalgeographic.it/files/styles/image_3200/public/mm989522030401576-copia.jpg?w=1600&h=900,https://www.nationalgeographic.it/storia-e-civilta/2022/03/guerra-e-razzismo-le-tragiche-storie-dei-migranti-dallucraina-discriminati-ai-confini-europei,0
2023-01-04,Anche gli animali sono vittime di guerra: il viaggio della speranza per salvare l’orso Masha in ...,https://static.nationalgeographic.it/files/styles/image_3200/public/jdo_20220321_0221.jpg?w=1600&h=900,https://www.nationalgeographic.it/animali/2022/03/anche-gli-animali-sono-vittime-di-guerra-il-viaggio-della-speranza-per-salvare-lorso-masha-in-ucraina,0
2023-01-04,Guerra in Ucraina: dobbiamo temere la minaccia nucleare russa?,https://static.nationalgeographic.it/files/styles/image_3200/public/ap22034653712658.jpg?w=1600&h=900,https://www.nationalgeographic.it/storia-e-civilta/2022/03/guerra-in-ucraina-dobbiamo-temere-la-minaccia-nucleare-russa,0
2023-01-04,Coronavirus: leggi tutti gli articoli,https://static.nationalgeographic.it/files/styles/image_3200/public/01_vaccine_1208040950_0.jpg?w=1600&h=1200,https://www.nationalgeographic.it/coronavirus,1
2023-01-04,Esistono persone resistenti al COVID‑19?,https://static.nationalgeographic.it/files/styles/image_3200/public/ss22643480.jpg?w=1600&h=900,https://www.nationalgeographic.it/scienza/2022/04/esistono-persone-resistenti-al-covid-19,3
2023-01-05,"Quando si tratta di sorveglianza, l'Europa passa sopra i diritti umani",https://media-assets.wired.it/photos/63a086cf0c722518b4fe7459/4:3/w_1024%2Cc_limit/GettyImages-947892112.jpg,https://www.wired.it/article/sorveglianza-fondi-europei-tecnologie-diritti-umani-violati/,3
2023-01-05,La startup che vuole trasformare le bioplastiche ,https://media-assets.wired.it/photos/63623d8dda513ad12d2782cd/16:9/w_640%2Cc_limit/Science_GettyImages-1249745658.jpg,https://www.wired.it/article/bioplastica-fabricnano-startup-dna/,2
2023-01-05,"10 giochi scientifici per bambini degli anni ‘50, ’60 e '70",https://media-assets.wired.it/photos/63a07cb76a10bba8d889f9d3/16:9/w_640%2Cc_limit/5.%2520Merit%2520Chemistry.jpg,https://www.wired.it/gallery/10-giochi-scientifici-per-bambini-degli-anni-50-60-e-70/,3
2023-01-05,"Da Tesla a Netflix, le offerte di lavoro nel digitale di gennaio",https://media-assets.wired.it/photos/615d7aded4347b0153fe45aa/16:9/w_640%2Cc_limit/wired_placeholder_dummy.png,https://www.wired.it/article/offerte-di-lavoro-digitale-gennaio/,1
2023-01-05,Copenhagen Cowboy è la prova che non si può vivere senza Nicolas Winding Refn,https://media-assets.wired.it/photos/63aef186b28f182378be1012/16:9/w_640%2Cc_limit/Copenhagen_Cowboy__Season_1__103__2084482__00_10_42_19__642792_ExtraHight_Magnus%2520J%25C3%25B8nk%2520Nordenhof.jpg,https://www.wired.it/article/copenhagen-cowboy-serie-netflix-recensione/,1
2023-01-05,I 10 crateri più affascinanti del Sistema Solare,https://media-assets.wired.it/photos/639c65ea743610241d545f03/16:9/w_1600%2Cc_limit/Copernicus_(LRO)_2.png,https://www.wired.it/gallery/10-crateri-piu-affascinanti-del-sistema-solare/,0
2023-01-05,"Gas, dal prezzo di Amsterdam al clima: verso un calo della bolletta a gennaio - ",https://www.ilsole24ore.com/static/img/ilsole24ore-o-2021.svg,https://www.ilsole24ore.com/art/gas-prezzo-amsterdam-clima-un-calo-bolletta-gennaio-AESNrAUC,1
2023-01-05,"Borse asiatiche su, verso un avvio positivo anche in Europa - ",https://www.ilsole24ore.com/static/img/ilsole24ore-o-2021.svg,https://www.ilsole24ore.com/art/borse-asiatiche-positivo-l-annuncio-riapertura-confini-cina-hong-kong-AENQdHUC,0
2023-01-05,"Bonus, pensioni, smart working: tutte le novità su lavoro e previdenza dopo la manovra - ",https://www.ilsole24ore.com/static/img/ilsole24ore-o-2021.svg,https://www.ilsole24ore.com/art/bonus-pensioni-smart-working-tutte-novita-lavoro-e-previdenza-la-manovra-AE7LoeTC,0
2023-01-05,"Kiev, Mosca si prepara a escalation militare a febbraio - ",https://www.ilsole24ore.com/static/img/ilsole24ore-o-2021.svg,https://www.ilsole24ore.com/art/ucraina-ultime-notizie-kiev-mosca-si-prepara-escalation-militare-febbraio-AEyjfPUC,0
2023-01-05,Amazon annuncia il taglio di 18mila posti di lavoro,https://www.ilsole24ore.com/static/img/ilsole24ore-o-2021.svg,https://www.ilsole24ore.com/art/amazon-annuncia-taglio-18mila-posti-lavoro-AExxZPUC,1
2023-01-05,"Capi di Stato, delegazioni e leader religiosi, tutti i dettagli del funerale di Benedetto XVI - ",https://www.ilsole24ore.com/static/img/ilsole24ore-o-2021.svg,https://www.ilsole24ore.com/art/capi-stato-delegazioni-e-leader-religiosi-tutti-dettagli-funerale-benedetto-xvi-AES02BUC,0
2023-01-05,Alla maturità 2023 con l’Invalsi. Il credito scolastico vale 40 punti,https://www.ilsole24ore.com/static/img/ilsole24ore-o-2021.svg,https://www.ilsole24ore.comhttps://24plus.ilsole24ore.com/art/alla-maturita-2023-l-invalsi-credito-scolastico-vale-40-punti-AESsWAUC?s=hpf,0
2023-01-05,"Mutui, la strategia contro il caro-tassi. Abbattere il capitale o conto di deposito?",https://www.ilsole24ore.com/static/img/ilsole24ore-o-2021.svg,https://www.ilsole24ore.comhttps://24plus.ilsole24ore.com/art/mutui-strategia-contro-caro-tassi-abbattere-capitale-o-conto-deposito-AE3kSgTC?s=hpf,1
2023-01-05,"Siamo in stagflazione? No, è agflazione: ecco perché la Bce sta sbagliando",https://www.ilsole24ore.com/static/img/ilsole24ore-o-2021.svg,https://www.ilsole24ore.comhttps://24plus.ilsole24ore.com/art/siamo-stagflazione-no-e-agflazione-ecco-perche-bce-sta-sbagliando-AEP86dTC?s=hpf,1
2023-01-05,"Covid, la Ue trova l’intesa: test obbligatori per chi parte dalla Cina",https://www.ilsole24ore.com/static/img/ilsole24ore-o-2021.svg,https://www.ilsole24ore.com/art/covid-ue-raccomanda-test-obbligatori-cina-AE85wJUC,0
2023-01-05,"Carenza farmaci non solo in Italia, dalla Francia alla Grecia è allarme: ecco cosa sta accadendo",https://www.ilsole24ore.com/static/img/ilsole24ore-o-2021.svg,https://www.ilsole24ore.com/art/carenza-farmaci-non-solo-italia-francia-grecia-e-allarme-ecco-cosa-sta-accadendo-AEjwM9TC,1
2023-01-05,Stellantis alleata con Archer sugli aerotaxi. Il ceo Tavares: «Cercheremo di battere Tesla» - ,https://www.ilsole24ore.com/static/img/ilsole24ore-o-2021.svg,https://www.ilsole24ore.com/art/stellantis-alleata-archer-aerotaxi-AEu1iAUC,1
2023-01-05,"Orrore nello Utah: trovati in casa 8 morti, tra cui 5 bimbi",https://www.ansa.it/webimages/img_700/2022/11/24/13329fb78733ea9cac5e6bae7a9b14a9.jpg,https://www.ansa.it/sito/notizie/mondo/2023/01/05/orrore-nello-utah-trovati-in-casa-8-morti-tra-cui-5-bimbi_2e6aa0be-3289-455f-817e-b61bd9c3e63e.html,0
2023-01-05,"Amazon conferma i tagli al personale, saranno 18.000",https://www.ansa.it/webimages/img_700/2022/9/15/147f2e47f595605755afa0405116d3e3.jpg,https://www.ansa.it/sito/notizie/mondo/2023/01/05/usa-amazon-conferma-i-tagli-al-personale-saranno-18.000_4a35187b-65f2-4545-bbb1-42fd64ee21dc.html,1
2023-01-05,Madame: 'Sto facendo le vaccinazioni necessarie',https://www.ansa.it/webimages/img_700/2023/1/1/4d7e0d24a13affc27d2030af490c2b64.jpg,https://www.ansa.it/sito/notizie/cultura/musica/2023/01/04/madame-sto-facendo-le-vaccinazioni-necessarie_e20b5946-1cb2-42d9-a9cb-eb7a27ab9724.html,0
2023-01-05,"Covid: Ue, obbligo del test per  chi è in partenza dalla Cina",https://www.ansa.it/webimages/img_700/2023/1/1/ce82aa9fc9b98acff653a9f8b539a97d.jpg,https://www.ansa.it/sito/notizie/mondo/2023/01/04/covid-ue-introdurre-lobbligo-del-test-per-viaggiatori-in-partenza-dalla-cina_c4e4f8f6-d468-4c70-a919-7fb09ab34bad.html,0
2023-01-05,"Usa, la scelta dello speaker aggiornata alle 18",https://www.ansa.it/webimages/img_700/2023/1/5/a234fa5f818546e4b517aa7d2e85b87d.jpg,https://www.ansa.it/sito/notizie/mondo/2023/01/04/trump-a-repubblicani-votate-kevin-mccarthy-come-speaker_8c34868b-83a3-4c8e-96e4-23ccedf45bb7.html,1
2023-01-05,"Mosca: 'L'Italia è di parte, non può essere garante per la pace'",https://www.ansa.it/webimages/img_700/2022/12/22/df869e116057ddbdb557cced0cb8113e.jpg,https://www.ansa.it/sito/notizie/mondo/europa/2023/01/04/mosca-italia-di-parte-non-puo-fare-da-garante-per-pace_26814493-e2d0-4e7b-9f16-f313e937af8d.html,0
2023-01-05,Harry rivela: 'William mi ha attaccato fisicamente',https://www.ansa.it/webimages/img_700/2021/11/22/98a2be0d00479a388b358292e6a34b68.jpg,https://www.ansa.it/sito/notizie/mondo/2023/01/05/harry-in-autobiografia-william-mi-ha-attaccato-fisicamente_2b43f016-2f28-4c61-915d-00f0b4f377d8.html,0
2023-01-05,"Iran, rilasciata su cauzione l'attrice Taraneh Alidousti",https://www.ansa.it/webimages/img_700/2022/12/18/fe290a24eeadb84244aea7c92f7ffb47.jpg,https://www.ansa.it/sito/notizie/mondo/mediooriente/2023/01/04/iran-rilasciata-su-cauzione-lattrice-taraneh-alidousti_692f2087-eff1-4191-8ff3-28313a9c43a0.html,0
2023-01-05,"Totti-Blasi, spuntano alcune segnalazioni dell'antiriciclaggio",https://www.ansa.it/webimages/img_700/2022/11/18/2deed9a851b8d27150298176c6e3303c.jpg,https://www.ansa.it/sito/notizie/cronaca/2023/01/04/totti-blasi-spuntano-alcune-segnalazioni-dellantiriciclaggio_392eb5ab-fe57-464d-9960-b999336d9335.html,1
2023-01-05,"Svezia, niente patto su migranti'Stoccolma non è contro Roma '",https://www.ansa.it/webimages/img_700/2022/2/21/1811e6ed8584ee19a1199ea326626521.jpg,https://www.ansa.it/sito/notizie/cronaca/2023/01/04/migranti-nessun-patto-ue-nel-semestre-svedese.-fitto-stoccolma-non-e-contro-litalia_2137ae31-e2fc-489b-bbd0-e0f109ec7721.html,0
2023-01-05,"Saldi al via in tutta Italia, riscatto dei negozi sull'online",https://www.ansa.it/webimages/img_700/2022/2/21/1811e6ed8584ee19a1199ea326626521.jpg,https://www.ansa.it/sito/notizie/economia/2023/01/04/saldi-domani-in-tutta-italiariscatto-dei-negozi-sullonline_44b5e08e-ec74-47ab-86eb-ba597913b41e.html,0
2023-01-05,"San Pietro blindata, in 100mila per Benedetto",/webimages/img_700/2023/1/2/3ec26ea88c461c479ebcda5cceac49b5.jpg,https://www.lastampa.it/vatican-insider/2023/01/05/news/san_pietro_blindata_in_100mila_per_benedetto-12447938/,0
2023-01-05,Quel Pastore Tedesco che umanizzò la Chiesa,https://www.gedistatic.it/content/gnn/img/lastampa/2023/01/05/022213801-a4df2877-baec-4cf8-a96d-59638b6891f0.jpg?webp,https://www.lastampa.it/rubriche/elezioni-conto-alla-rovescia/2023/01/05/audio/quel_pastore_tedesco_che_umanizzo_la_chiesa-12448124/,1
2023-01-05,Il filo spezzato dei due Papi,https://www.gedistatic.it/content/gnn/img/lastampa/2023/01/05/004211654-6c4bd695-6c40-4ff2-b64f-837a26b881c3.jpg?webp,https://www.lastampa.it/rubriche/daytime/2023/01/05/audio/il_filo_spezzato_dei_due_papi-12448122/,0
2023-01-05,"Papa Ratzinger, Dio, la fede e la battaglia al relativismo",https://www.gedistatic.it/content/gnn/img/lastampa/2023/01/05/083755045-9b30204a-d4a3-4dfc-90f2-91a276eb850a.jpg?webp,https://www.lastampa.it/editoriali/lettere-e-idee/2023/01/05/news/ratzinger_e_la_laicita_dimenticata_le_pericolose_lacune_del_suo_credo-12447857/,1
2023-01-05,Il ministro Pichetto: “Benzina e gasolio a 2 euro? Speculazione. Pronti a intervenire se i rialzi proseguono”,https://www.gedistatic.it/content/gnn/img/lastampa/2023/01/05/083755045-9b30204a-d4a3-4dfc-90f2-91a276eb850a.jpg?webp,https://www.lastampa.it/economia/2023/01/05/news/pichetto_benzina_e_gasolio_a_2_euro_speculazione_pronti_a_intervenire_se_i_rialzi_proseguono-12447886/,1
2023-01-05,La corsa dei prestiti: le famiglie si indebitano per pagare bollette e trasporti,https://www.gedistatic.it/content/gnn/img/lastampa/2023/01/04/224943534-49f4b0b4-ac73-4367-989b-bf0eea13c9cf.jpg?webp,https://www.lastampa.it/economia/2023/01/05/news/i_prestiti_le_famiglie_si_indebitano_per_pagare_bollette_e_trasporti-12447950/,1
2023-01-05,"Inflazione, la tregua: dopo Francia e Germania ora frenata possibile anche in Italia",https://www.gedistatic.it/content/gnn/img/lastampa/2023/01/04/225132701-11a04216-0886-49d0-b4ad-70daf8184536.jpg?webp,https://www.lastampa.it/economia/2023/01/05/news/inflazione_la_tregua-12447957/,0
2023-01-05,Monti: “Edison se ne è andata via dalla Russia. Gli extraprofitti? Il governo cambi la legge”,https://www.gedistatic.it/content/gnn/img/lastampa/2023/01/04/225132701-11a04216-0886-49d0-b4ad-70daf8184536.jpg?webp,https://www.lastampa.it/economia/2023/01/05/news/monti_edison_se_ne_e_andata_via_dalla_russia_gli_extraprofitti_il_governo_cambi_la_legge-12447915/,0
2023-01-05,"Ricostruzione, Aifa, Tesoro: lo spoils system del governo e le mani sul potere",https://www.gedistatic.it/content/gnn/img/lastampa/2023/01/05/073137135-54fb0242-054b-4a12-9795-cc6e78b5d6c0.jpg?webp,https://www.lastampa.it/politica/2023/01/05/news/lo_spoils_system_del_governo-12448165/,0
2023-01-05,"Covid, Abrignani: “Un vaccino all’anno non basta più, chi è scoperto da 6 mesi faccia il richiamo”",https://www.gedistatic.it/content/gnn/img/lastampa/2023/01/04/231849693-2a4d09da-668e-48b9-9da7-7b98cc73d037.jpg?webp,https://www.lastampa.it/cronaca/2023/01/05/news/sergio_abrignani_un_vaccino_allanno_non_basta_piu_chi_e_scoperto_da_6_mesi_faccia_il_richiamo-12447972/,0
2023-01-05,I dinosauri sapevano nuotare? ,https://static.nationalgeographic.it/files/styles/image_3200/public/figure5_0.jpg?w=1600&h=900,https://www.nationalgeographic.it/scienza/2022/12/i-dinosauri-sapevano-nuotare,0
2023-01-05,Noi e Marco a piccoli passi,https://static.nationalgeographic.it/files/styles/image_3200/public/Hero.jpg?w=1600&h=900,https://www.nationalgeographic.it/pianeta-mengoni,0
2023-01-05,Guerra in Ucraina: che fine fanno gli animali abbandonati?,https://static.nationalgeographic.it/files/styles/image_3200/public/coverabandoned-pets-ukraine.jpg?w=1600&h=900,https://www.nationalgeographic.it/storia-e-civilta/2022/05/guerra-in-ucraina-che-fine-fanno-gli-animali-abbandonati,1
2023-01-05,COVID-19: quanto permane il virus nell’organismo?,https://static.nationalgeographic.it/files/styles/image_3200/public/longcovid_marcocarmignan_14.jpg?w=1600&h=900,https://www.nationalgeographic.it/scienza/2022/05/covid-19-quanto-permane-il-virus-nellorganismo,1
2023-01-05,Italia in bicicletta,https://static.nationalgeographic.it/files/styles/image_3200/public/share_7.png?w=1600&h=900,https://www.nationalgeographic.it/italia-in-bicicletta,1
2023-01-05,Diventa un explorer anche tu,https://static.nationalgeographic.it/files/styles/image_3200/public/share.jpg?w=1600&h=900,https://www.nationalgeographic.it/diventa-un-explorer-anche-tu,0
2023-01-05,10 interessanti curiosità sulla scoperta della tomba di Tutankhamon,https://static.nationalgeographic.it/files/styles/image_3200/public/gettyimages-1414124089.jpg?w=1600&h=1200,https://www.nationalgeographic.it/storia-e-civilta/2022/10/10-interessanti-curiosita-sulla-scoperta-della-tomba-di-tutankhamon,1
2023-01-05,Perché il cambiamento climatico può contribuire a sanare i conflitti in tutto il mondo?,https://static.nationalgeographic.it/files/styles/image_3200/public/01_colombia_biodiversity_i8951_180722_03678.jpg?w=1600&h=900,https://www.nationalgeographic.it/ambiente/2022/11/perche-il-cambiamento-climatico-puo-contribuire-a-sanare-i-conflitti-in-tutto-il-mondo,0
2023-01-05,Piantare miliardi di alberi aiuta a combattere il cambiamento climatico?,https://static.nationalgeographic.it/files/styles/image_3200/public/gettyimages-1175617123.jpg?w=1600&h=1200,https://www.nationalgeographic.it/ambiente/2021/03/piantare-alberi-aiuta-a-contrastare-il-cambiamento-climatico-ma-sono-necessari,2
2023-01-05,Questi animali straordinari superano l’inverno congelandosi: come riescono a sopravvivere?,https://static.nationalgeographic.it/files/styles/image_3200/public/img_3534.jpg?w=1600&h=1200,https://www.nationalgeographic.it/animali/2022/12/questi-animali-straordinari-superano-linverno-congelandosi-come-riescono-a-sopravvivere,0
2023-01-05,Perché frutta e verdura sono meno nutrienti di un tempo,https://static.nationalgeographic.it/files/styles/image_3200/public/mm9914220406002165.jpg?w=1600&h=900,https://www.nationalgeographic.it/scienza/2022/05/perche-frutta-e-verdura-sono-meno-nutrienti-di-un-tempo,1
2023-01-05,Planet Possible,https://static.nationalgeographic.it/files/styles/image_3200/public/header_1.jpg?w=1600&h=900,https://www.nationalgeographic.it/planet-possible,1
2023-01-05,Alla scoperta di Billund: la città “amica dei bambini” che custodisce la storia della Lego ,https://static.nationalgeographic.it/files/styles/image_3200/public/02_wp_house_10_24_full.jpg?w=1600&h=900,https://www.nationalgeographic.it/famiglia/2022/05/alla-scoperta-di-billund-la-citta-amica-dei-bambini-che-custodisce-la-storia-della-lego,0
2023-01-05,Ambiente,https://static.nationalgeographic.it/files/styles/image_3200/public/10-decade-of-climate-change.jpg?w=1600&h=900,https://www.nationalgeographic.it/ambiente,1
2023-01-05,Storia e Civiltà,https://static.nationalgeographic.it/files/styles/image_3200/public/1_archeologygallery_nationalgeographic_611691_0.jpg?w=1600&h=900,https://www.nationalgeographic.it/storia-e-civilta,0
2023-01-05,Viaggi,https://static.nationalgeographic.it/files/styles/image_3200/public/001_mt8385_190814_08427.jpg?w=1600&h=900,https://www.nationalgeographic.it/viaggi,1
2023-01-05,La guerra in Ucraina potrebbe far piombare il mondo nella carestia,https://static.nationalgeographic.it/files/styles/image_3200/public/001_gettyimages-1238855471.jpg?w=1600&h=1200,https://www.nationalgeographic.it/ambiente/2022/04/la-guerra-in-ucraina-potrebbe-far-piombare-il-mondo-nella-carestia,1
2023-01-05,LE STORIE STRAZIANTI DEI RIFUGIATI UCRAINI,https://static.nationalgeographic.it/files/styles/image_3200/public/mm969622030100272.jpg?w=1600&h=1200,https://www.nationalgeographic.it/storia-e-civilta/2022/03/le-storie-strazianti-dei-rifugiati-ucraini,1
2023-01-05,Guerra e razzismo: le tragiche storie dei migranti dall’Ucraina discriminati ai confini europei,https://static.nationalgeographic.it/files/styles/image_3200/public/mm989522030401576-copia.jpg?w=1600&h=900,https://www.nationalgeographic.it/storia-e-civilta/2022/03/guerra-e-razzismo-le-tragiche-storie-dei-migranti-dallucraina-discriminati-ai-confini-europei,0
2023-01-05,Anche gli animali sono vittime di guerra: il viaggio della speranza per salvare l’orso Masha in ...,https://static.nationalgeographic.it/files/styles/image_3200/public/jdo_20220321_0221.jpg?w=1600&h=900,https://www.nationalgeographic.it/animali/2022/03/anche-gli-animali-sono-vittime-di-guerra-il-viaggio-della-speranza-per-salvare-lorso-masha-in-ucraina,0
2023-01-05,Guerra in Ucraina: dobbiamo temere la minaccia nucleare russa?,https://static.nationalgeographic.it/files/styles/image_3200/public/ap22034653712658.jpg?w=1600&h=900,https://www.nationalgeographic.it/storia-e-civilta/2022/03/guerra-in-ucraina-dobbiamo-temere-la-minaccia-nucleare-russa,0
2023-01-05,Coronavirus: leggi tutti gli articoli,https://static.nationalgeographic.it/files/styles/image_3200/public/01_vaccine_1208040950_0.jpg?w=1600&h=1200,https://www.nationalgeographic.it/coronavirus,1
2023-01-05,Esistono persone resistenti al COVID‑19?,https://static.nationalgeographic.it/files/styles/image_3200/public/ss22643480.jpg?w=1600&h=900,https://www.nationalgeographic.it/scienza/2022/04/esistono-persone-resistenti-al-covid-19,3
2023-01-06,Come ci apparirebbe l’universo se viaggiassimo più velocemente della luce ,https://media-assets.wired.it/photos/63b42c1c5a4d99bcd995f8e3/4:3/w_1024%2Cc_limit/GettyImages-1013058562.jpg,https://www.wired.it/article/come-apparirebbe-universo-viaggiare-piu-velocemente-luce-relativita-einstein/,1
2023-01-06,10 sonde spaziali che hanno fatto la storia,https://media-assets.wired.it/photos/6380ec4d12cc8c7742bc447c/16:9/w_640%2Cc_limit/1024px-Artwork_Galileo-Io-Jupiter.jpg,https://www.wired.it/gallery/10-sonde-spaziali-che-hanno-fatto-la-storia/,0
2023-01-06,I flop tecnologici più clamorosi di sempre,https://media-assets.wired.it/photos/63b5bbfb3c4f5456fdeb822c/16:9/w_640%2Cc_limit/nokia%2520n-gage.jpg,https://www.wired.it/gallery/flop-tecnologici-mostra-ces-2023/,0
2023-01-06,The Pale Blue Eye è il mystery thriller che stavamo aspettando,https://media-assets.wired.it/photos/63b402398e9b68914858f429/16:9/w_640%2Cc_limit/The%2520Pale%2520Blue%2520Eye.jpg,https://www.wired.it/article/the-pale-blue-eye-recensione/,0
2023-01-06,Le classifiche di fine anno ci mettono tristezza,https://media-assets.wired.it/photos/63b42f79eae594f8fbc0594e/16:9/w_640%2Cc_limit/pexels-alex-green-5699825.jpg,https://www.wired.it/article/social-network-classifiche-fine-anno-tristezza/,0
2023-01-06,I 10 crateri più affascinanti del Sistema Solare,https://media-assets.wired.it/photos/639c65ea743610241d545f03/16:9/w_1600%2Cc_limit/Copernicus_(LRO)_2.png,https://www.wired.it/gallery/10-crateri-piu-affascinanti-del-sistema-solare/,0
2023-01-06,"Borse, Europa positiva nel giorno dell'occupazione Usa. Il gas torna sotto 70 euro - ",https://www.ilsole24ore.com/static/img/ilsole24ore-o-2021.svg,https://www.ilsole24ore.com/art/borse-tokyo-chiude-rialzo-asia-vivace-AEn78XUC,0
2023-01-06,Zelensky: «La tregua serve solo a preparare nuovi attacchi» - ,https://www.ilsole24ore.com/static/img/ilsole24ore-o-2021.svg,https://www.ilsole24ore.com/art/ucraina-ultime-notizie-zelensky-la-tregua-serve-solo-preparare-nuovi-attacchi-AEcORhUC,0
2023-01-06,"Lavoro, dalle Entrate alla Giustizia infornata di 10mila assunzioni «straordinarie»",https://www.ilsole24ore.com/static/img/ilsole24ore-o-2021.svg,https://www.ilsole24ore.com/art/neoassunti-entrate-ed-esteri-fanno-pieno-ingressi-AEQz3MSC,0
2023-01-06, Amazon & co: i tagli toccano quota 150mila (ma non evitano il crollo in Borsa) - ,https://www.ilsole24ore.com/static/img/ilsole24ore-o-2021.svg,https://www.ilsole24ore.com/art/i-tagli-record-amazon-e-paure-big-tech-gia-licenziate-150mila-persone-AE6p1VUC,0
2023-01-06,"Dopo Ratzinger, la Chiesa tedesca fa quadrato attorno a Papa Francesco - ",https://www.ilsole24ore.com/static/img/ilsole24ore-o-2021.svg,https://www.ilsole24ore.com/art/dopo-ratzinger-chiesa-tedesca-fa-quadrato-attorno-papa-francesco-AEt1VhUC,0
2023-01-06,"Covid, cosa è Kraken, la nuova variante super-diffusiva - ",https://www.ilsole24ore.com/static/img/ilsole24ore-o-2021.svg,https://www.ilsole24ore.com/art/cosa-e-kraken-nuova-variante-super-diffusiva-AEvESUUC,1
2023-01-06,"Inflazione, perché in Italia rallenta meno che in Germania e in Francia? ",https://www.ilsole24ore.com/static/img/ilsole24ore-o-2021.svg,https://www.ilsole24ore.comhttps://24plus.ilsole24ore.com/art/inflazione-perche-italia-rallenta-meno-che-germania-e-francia-AEPyVWUC?s=hpf,0
2023-01-06,Dalla benzina alle bollette: le mosse del governo per contenere l’inflazione al 6% ,https://www.ilsole24ore.com/static/img/ilsole24ore-o-2021.svg,https://www.ilsole24ore.comhttps://24plus.ilsole24ore.com/art/dalla-benzina-bollette-ecco-mosse-governo-contenere-l-inflazione-2023-6percento-AEymnwTC?s=hpf,1
2023-01-06,Superbonus al 90% e per le villette c’è il quoziente familiare. Il nuovo calendario fino al 2025,https://www.ilsole24ore.com/static/img/ilsole24ore-o-2021.svg,https://www.ilsole24ore.comhttps://24plus.ilsole24ore.com/art/casa-superbonus-scende-90percento-e-le-villette-c-e-quoziente-familiare-nuovo-calendario-fino-2025-AE5Fq8TC?s=hpf,0
2023-01-06," Stellantis, con Mobilsights guarda alla miniera dei dati dell’auto connessa",https://www.ilsole24ore.com/static/img/ilsole24ore-o-2021.svg,https://www.ilsole24ore.com/art/stellantis-mobilsights-guarda-miniera-dati-dell-auto-connessa-AE5O8YUC,0
2023-01-06,"Criptovalute, tensione sul mercato: Genesis rischia la bancarotta - ",https://www.ilsole24ore.com/static/img/ilsole24ore-o-2021.svg,https://www.ilsole24ore.com/art/criptovalute-tensione-mercato-genesis-rischia-bancarotta-AEeHZhUC,0
2023-01-06,"Carenza farmaci non solo in Italia, dalla Francia alla Grecia è allarme: ecco cosa sta accadendo",https://www.ilsole24ore.com/static/img/ilsole24ore-o-2021.svg,https://www.ilsole24ore.com/art/carenza-farmaci-non-solo-italia-francia-grecia-e-allarme-ecco-cosa-sta-accadendo-AEjwM9TC,1
2023-01-06,Flop McCarthy alla Camera UsaA Trump solo un voto,https://www.ansa.it/webimages/img_700/2023/1/5/0238df1b15ffbc7ea3b19c488de5eb13.jpg,https://www.ansa.it/sito/notizie/mondo/2023/01/06/usa-mccarthy-battuto-anche-alla-undicesima-votazione-per-lo-speaker_82fe9d19-65b2-4ebb-847a-c672c0b68d44.html,0
2023-01-06,"Padre Georg: 'Io prefetto dimezzato, restai scioccato'",https://www.ansa.it/webimages/img_700/2023/1/5/35e20c7fcf95f983287f5a80ff08b548.jpg,https://www.ansa.it/sito/notizie/politica/2023/01/05/gaenswein-io-prefetto-dimezzato-restai-scioccato_ab562c66-6015-4dc0-b9fe-ca89533d100b.html,0
2023-01-06,L'addio a Benedetto XVILa folla urla: 'Santo subito',https://www.ansa.it/webimages/img_700/2023/1/5/d6631f4867f0a32740632177d2456ddd.jpg,https://www.ansa.it/sito/notizie/cronaca/2023/01/05/laddio-a-ratzinger-il-papa-oggi-grati-per-sua-sapienza-e-dedizione_bf90ba73-50af-4f21-9114-2871fd8f0167.html,0
2023-01-06,"Orrore in Iran, condannatoa morte un 22enne disabile",https://www.ansa.it/webimages/img_700/2022/12/13/9ea071437d2fdd84d463dc5c38672002.jpg,https://www.ansa.it/sito/notizie/mondo/2023/01/05/disabile-di-22-anni-condannato-a-morte-in-iran-denunciano-gli-attivisti_403e13e5-f20f-4140-b0f8-119b9455ce42.html,0
2023-01-06,Harry: 'William e Kate mi fecero vestire da nazista',https://www.ansa.it/webimages/img_700/2023/1/5/9349c4bdf71aace35de37ec7039f5079.jpg,https://www.ansa.it/sito/notizie/mondo/2023/01/05/harry-william-e-kate-mi-fecero-vestire-da-nazista_2b43f016-2f28-4c61-915d-00f0b4f377d8.html,1
2023-01-06,"Saldi al via in tutta Italia, riscatto dei negozi sull'online",https://www.ansa.it/webimages/img_700/2023/1/2/3ec26ea88c461c479ebcda5cceac49b5.jpg,https://www.ansa.it/sito/notizie/economia/2023/01/05/saldi-al-via-in-tutta-italia-riscatto-dei-negozi-sullonline_44b5e08e-ec74-47ab-86eb-ba597913b41e.html,0
2023-01-06,"Arrestato in Messico OvidioGuzman, il figlio di 'El Chapo'",https://www.ansa.it/webimages/img_700/2023/1/5/4f4356fd8cda9bbcebfce407ef91abf0.jpg,https://www.ansa.it/sito/notizie/mondo/2023/01/05/arrestato-in-messico-ovidio-guzman-il-figlio-di-el-chapo_d531f827-3996-455b-b096-11df32f2950b.html,0
2023-01-06,"Utah: 8 morti in casa, 5 i bimbi L'ipotesi è omicidio-suicidio",https://www.ansa.it/webimages/img_700/2022/11/24/13329fb78733ea9cac5e6bae7a9b14a9.jpg,https://www.ansa.it/sito/notizie/mondo/2023/01/05/orrore-nello-utah-trovati-in-casa-8-morti-tra-cui-5-bimbi_2e6aa0be-3289-455f-817e-b61bd9c3e63e.html,0
2023-01-06,Nessun risarcimento per il 18enne morto durante lo stage,https://www.ansa.it/webimages/img_700/2023/1/5/c4328ff0fff41d96f5cb1744ac252f3b.jpg,https://www.ansa.it/sito/notizie/economia/pmi/2023/01/05/ansa/nessun-risarcimento-inail-per-18enne-morto-in-stage_068f534d-399f-4571-9f16-92fb8ae642e2.html,0
2023-01-06,"Inflazione rallenta a dicembre a +11,6% ma resta a livelli record",https://www.ansa.it/webimages/img_700/2023/1/5/fcd2f005bb1dcc3f3391f173af375f3f.jpg,https://www.ansa.it/sito/notizie/economia/2023/01/05/inflazione-a-dicembre-rallenta-a-116-03-su-base-mensile_ac56329a-4e06-4bdf-9e5d-265422dbedd1.html,0
2023-01-06,"Nella calza della Befana dolci e giochi, 7 milioni in viaggio",https://www.ansa.it/webimages/img_700/2020/1/3/e2184b3836530ba18a029a92c711d934.jpg,https://www.ansa.it/sito/notizie/speciali/editoriali/2023/01/05/nella-calza-della-befana-giocattoli-e-dolci-7-milioni-di-turisti-in-viaggio-_36897d6e-8af9-488a-92b3-42a4db0bf4b0.html,0
2023-01-06,"Covid, impennata dei contagi in Italia: tre le regioni a rischio alto",https://d110erj175o600.cloudfront.net/wp-content/uploads/2022/01/12154241/Asi-Covid-1280x668.jpg,https://www.lastampa.it/cronaca/2023/01/06/news/covid_impennata_dei_contagi_tre_le_regioni_a_rischio_alto-12449958/,1
2023-01-06,"Guerra Russia-Ucraina, Zelenskiy dice no al cessate il fuoco di Mosca: “La guerra finirà quando i soldati russi se ne andranno”. Biden: “Putin cerca solo un po’ di ossigeno”",https://www.focusjunior.it/content/uploads/2022/03/guerra-ucraina-2.jpg,https://www.lastampa.it/esteri/2023/01/06/diretta/guerra_russia_ucraina_diretta_news_oggi_6_gennaio-12449915/,0
2023-01-06,"Le tre destre, i popolari e il predellino di Giorgia",https://www.gedistatic.it/content/gnn/img/lastampa/2023/01/06/012816495-2847a1d6-7562-44f9-9a7c-76e7d169ff44.jpg?webp,https://www.lastampa.it/rubriche/elezioni-conto-alla-rovescia/2023/01/06/audio/le_tre_destre_i_popolari_e_il_predellino_di_giorgia-12449874/,0
2023-01-06,"La verità, vi prego, sull'alternanza scuola lavoro",https://www.gedistatic.it/content/gnn/img/lastampa/2023/01/06/012008887-6ffbf269-bbcc-423d-8c97-aedb07f2dfff.jpg?webp,https://www.lastampa.it/rubriche/daytime/2023/01/06/audio/la_verita_vi_prego_sullalternanza_scuola_lavoro-12449872/,0
2023-01-06,Vladimir pacifista non inganna più nessuno,https://www.gedistatic.it/content/gnn/img/lastampa/2023/01/06/012008887-6ffbf269-bbcc-423d-8c97-aedb07f2dfff.jpg?webp,https://www.lastampa.it/esteri/2023/01/06/news/vladimir_pacifista_non_inganna_piu_nessuno-12449794/,1
2023-01-06,Raccolte 300 mila firme per le donne iraniane: domenica la consegna della petizione della Stampa,https://www.gedistatic.it/content/gnn/img/lastampa/2023/01/05/115057830-eabb3952-f5ea-411f-a12e-853cd9ebf684.jpg?webp,https://www.lastampa.it/esteri/2023/01/05/news/raccolte_300_mila_firme_per_fahimeh_domenica_la_consegna_della_petizione-12448591/,1
2023-01-06,"Io, in cella con Rosa Bazzi: l’amore per Olindo e l’idea del suicidio",https://www.gedistatic.it/content/gnn/img/lastampa/2023/01/06/080238560-eee97afa-ae40-4b38-87e8-17e80c4f605c.jpg?webp,https://www.lastampa.it/cronaca/2023/01/06/news/strage_di_erba_olindo_e_rosa_bazzi_incontri_in_carcere-12449944/,0
2023-01-06,I nostri figli guerrieri del clima e la destra che vuol prenderli a cinghiate,https://www.gedistatic.it/content/gnn/img/lastampa/2023/01/05/214036696-4192cf2e-9ce0-4fc3-92dc-0594ffdf44d9.jpg?webp,https://www.lastampa.it/cronaca/2023/01/06/news/i_nostri_figli_guerrieri_del_clima_e_la_destra_che_vuol_prenderli_a_cinghiate-12449750/,0
2023-01-06,"Tavares: con la svolta elettrica costi più alti del 40%, i governi sostengano i consumatori",https://www.gedistatic.it/content/gnn/img/lastampa/2023/01/06/072255963-ce55bb8b-10d0-4e30-88c6-193ccb600b1a.jpg?webp,https://www.lastampa.it/economia/2023/01/06/news/tavares_con_la_svolta_elettrica_costi_piu_alti_del_40_se_il_mercato_rallenta_si_rischiano_decisioni_impopolari-12449912/,1
2023-01-06,"Schlein lancia le primarie Pd online, ma è subito scontro con Bonaccini",https://www.gedistatic.it/content/gnn/img/lastampa/2023/01/05/223836862-94b56414-724a-4d30-9ccd-4220d2763723.jpg?webp,https://www.lastampa.it/politica/2023/01/06/news/schlein_lancia_le_primarie_pd_online_ma_e_subito_scontro_con_bonaccini-12449810/,0
2023-01-06,I dinosauri sapevano nuotare? ,https://static.nationalgeographic.it/files/styles/image_3200/public/figure5_0.jpg?w=1600&h=900,https://www.nationalgeographic.it/scienza/2022/12/i-dinosauri-sapevano-nuotare,0
2023-01-06,Noi e Marco a piccoli passi,https://static.nationalgeographic.it/files/styles/image_3200/public/Hero.jpg?w=1600&h=900,https://www.nationalgeographic.it/pianeta-mengoni,0
2023-01-06,Guerra in Ucraina: che fine fanno gli animali abbandonati?,https://static.nationalgeographic.it/files/styles/image_3200/public/coverabandoned-pets-ukraine.jpg?w=1600&h=900,https://www.nationalgeographic.it/storia-e-civilta/2022/05/guerra-in-ucraina-che-fine-fanno-gli-animali-abbandonati,0
2023-01-06,COVID-19: quanto permane il virus nell’organismo?,https://static.nationalgeographic.it/files/styles/image_3200/public/longcovid_marcocarmignan_14.jpg?w=1600&h=900,https://www.nationalgeographic.it/scienza/2022/05/covid-19-quanto-permane-il-virus-nellorganismo,1
2023-01-06,Italia in bicicletta,https://static.nationalgeographic.it/files/styles/image_3200/public/share_7.png?w=1600&h=900,https://www.nationalgeographic.it/italia-in-bicicletta,1
2023-01-06,Diventa un explorer anche tu,https://static.nationalgeographic.it/files/styles/image_3200/public/share.jpg?w=1600&h=900,https://www.nationalgeographic.it/diventa-un-explorer-anche-tu,0
2023-01-06,10 interessanti curiosità sulla scoperta della tomba di Tutankhamon,https://static.nationalgeographic.it/files/styles/image_3200/public/gettyimages-1414124089.jpg?w=1600&h=1200,https://www.nationalgeographic.it/storia-e-civilta/2022/10/10-interessanti-curiosita-sulla-scoperta-della-tomba-di-tutankhamon,0
2023-01-06,Perché il cambiamento climatico può contribuire a sanare i conflitti in tutto il mondo?,https://static.nationalgeographic.it/files/styles/image_3200/public/01_colombia_biodiversity_i8951_180722_03678.jpg?w=1600&h=900,https://www.nationalgeographic.it/ambiente/2022/11/perche-il-cambiamento-climatico-puo-contribuire-a-sanare-i-conflitti-in-tutto-il-mondo,0
2023-01-06,Piantare miliardi di alberi aiuta a combattere il cambiamento climatico?,https://static.nationalgeographic.it/files/styles/image_3200/public/gettyimages-1175617123.jpg?w=1600&h=1200,https://www.nationalgeographic.it/ambiente/2021/03/piantare-alberi-aiuta-a-contrastare-il-cambiamento-climatico-ma-sono-necessari,2
2023-01-06,Questi animali straordinari superano l’inverno congelandosi: come riescono a sopravvivere?,https://static.nationalgeographic.it/files/styles/image_3200/public/img_3534.jpg?w=1600&h=1200,https://www.nationalgeographic.it/animali/2022/12/questi-animali-straordinari-superano-linverno-congelandosi-come-riescono-a-sopravvivere,0
2023-01-06,Perché frutta e verdura sono meno nutrienti di un tempo,https://static.nationalgeographic.it/files/styles/image_3200/public/mm9914220406002165.jpg?w=1600&h=900,https://www.nationalgeographic.it/scienza/2022/05/perche-frutta-e-verdura-sono-meno-nutrienti-di-un-tempo,0
2023-01-06,Planet Possible,https://static.nationalgeographic.it/files/styles/image_3200/public/header_1.jpg?w=1600&h=900,https://www.nationalgeographic.it/planet-possible,0
2023-01-06,Alla scoperta di Billund: la città “amica dei bambini” che custodisce la storia della Lego ,https://static.nationalgeographic.it/files/styles/image_3200/public/02_wp_house_10_24_full.jpg?w=1600&h=900,https://www.nationalgeographic.it/famiglia/2022/05/alla-scoperta-di-billund-la-citta-amica-dei-bambini-che-custodisce-la-storia-della-lego,0
2023-01-06,Ambiente,https://static.nationalgeographic.it/files/styles/image_3200/public/10-decade-of-climate-change.jpg?w=1600&h=900,https://www.nationalgeographic.it/ambiente,1
2023-01-06,Storia e Civiltà,https://static.nationalgeographic.it/files/styles/image_3200/public/1_archeologygallery_nationalgeographic_611691_0.jpg?w=1600&h=900,https://www.nationalgeographic.it/storia-e-civilta,0
2023-01-06,Viaggi,https://static.nationalgeographic.it/files/styles/image_3200/public/001_mt8385_190814_08427.jpg?w=1600&h=900,https://www.nationalgeographic.it/viaggi,0
2023-01-06,La guerra in Ucraina potrebbe far piombare il mondo nella carestia,https://static.nationalgeographic.it/files/styles/image_3200/public/001_gettyimages-1238855471.jpg?w=1600&h=1200,https://www.nationalgeographic.it/ambiente/2022/04/la-guerra-in-ucraina-potrebbe-far-piombare-il-mondo-nella-carestia,0
2023-01-06,LE STORIE STRAZIANTI DEI RIFUGIATI UCRAINI,https://static.nationalgeographic.it/files/styles/image_3200/public/mm969622030100272.jpg?w=1600&h=1200,https://www.nationalgeographic.it/storia-e-civilta/2022/03/le-storie-strazianti-dei-rifugiati-ucraini,0
2023-01-06,Guerra e razzismo: le tragiche storie dei migranti dall’Ucraina discriminati ai confini europei,https://static.nationalgeographic.it/files/styles/image_3200/public/mm989522030401576-copia.jpg?w=1600&h=900,https://www.nationalgeographic.it/storia-e-civilta/2022/03/guerra-e-razzismo-le-tragiche-storie-dei-migranti-dallucraina-discriminati-ai-confini-europei,0
2023-01-06,Anche gli animali sono vittime di guerra: il viaggio della speranza per salvare l’orso Masha in ...,https://static.nationalgeographic.it/files/styles/image_3200/public/jdo_20220321_0221.jpg?w=1600&h=900,https://www.nationalgeographic.it/animali/2022/03/anche-gli-animali-sono-vittime-di-guerra-il-viaggio-della-speranza-per-salvare-lorso-masha-in-ucraina,0
2023-01-06,Guerra in Ucraina: dobbiamo temere la minaccia nucleare russa?,https://static.nationalgeographic.it/files/styles/image_3200/public/ap22034653712658.jpg?w=1600&h=900,https://www.nationalgeographic.it/storia-e-civilta/2022/03/guerra-in-ucraina-dobbiamo-temere-la-minaccia-nucleare-russa,0
2023-01-06,Coronavirus: leggi tutti gli articoli,https://static.nationalgeographic.it/files/styles/image_3200/public/01_vaccine_1208040950_0.jpg?w=1600&h=1200,https://www.nationalgeographic.it/coronavirus,0
2023-01-06,Esistono persone resistenti al COVID‑19?,https://static.nationalgeographic.it/files/styles/image_3200/public/ss22643480.jpg?w=1600&h=900,https://www.nationalgeographic.it/scienza/2022/04/esistono-persone-resistenti-al-covid-19,1
