date,title,image,link
2023-01-02,Perché nel 2023 benzina e autostrade costano di più,https://media-assets.wired.it/photos/636cf8a50af7e711dd563212/4:3/w_1024%2Cc_limit/GettyImages-1159919834.jpg,https://www.wired.it/article/2023-benzina-autostrade-costano-di-piu/
2023-01-02,Il vaccino mRna per l'influenza che si somministrerà con uno spray nasale,https://media-assets.wired.it/photos/63b2c85b5a4d99bcd995f8a4/16:9/w_640%2Cc_limit/nasal-spray-2.jpeg,https://www.wired.it/article/vaccino-mrna-influenza-spray-nasale/
2023-01-02,Come sono stati catturati i peggiori cyber criminali del 2022,https://media-assets.wired.it/photos/63b2b5ba02afe54489687a36/16:9/w_640%2Cc_limit/pexels-sora-shimazaki-5935791%2520(1).jpg,https://www.wired.it/article/peggiori-cyber-criminali-2022/
2023-01-02,Jeremy Renner travolto dalla neve: è in condizioni gravi,https://media-assets.wired.it/photos/63b29901adb24ce14c3570a2/16:9/w_640%2Cc_limit/Jeremy%2520Renner.jpg,https://www.wired.it/article/jeremy-renner-ricoverato-condizioni-gravi/
2023-01-02,Harry Potter: tutto quello che sappiamo sul reboot della saga con nuovi attori,https://media-assets.wired.it/photos/63b2b03e5a4d99bcd995f8a1/16:9/w_640%2Cc_limit/Harry%2520Potter.jpg,https://www.wired.it/article/harry-potter-reboot-nuovi-attori/
2023-01-02,Distinti signori ottocenteschi diventano Goldrake: il surrealismo gioca con il what if?,https://media-assets.wired.it/photos/63986861cc29e4418976eb67/16:9/w_1600%2Cc_limit/Marvellini%2C%2520Goldrake%2520Cilindro.jpg,https://www.wired.it/gallery/surrealismo-intergenerazionale-kazanjian-marvellini-pledger/
2023-01-02,"Le Borse europee allungano il passo, a Milano bene Stellantis. Gas ancora in calo - ",https://www.ilsole24ore.com/static/img/ilsole24ore-o-2021.svg,https://www.ilsole24ore.com/art/borse-2023-mercati-parte-misto-AEiCrVTC
2023-01-02,Reddito di cittadinanza e smart working: come cambia il mondo del lavoro - ,https://www.ilsole24ore.com/static/img/ilsole24ore-o-2021.svg,https://www.ilsole24ore.com/art/reddito-cittadinanza-smart-working-e-stranieri-ecco-come-cambia-mondo-lavoro-2023-AEiOiTTC
2023-01-02,"Al via i saldi invernali in Sicilia e Basilicata, domani in Valle d’Aosta e il 5 gennaio nelle altre regioni",https://www.ilsole24ore.com/static/img/ilsole24ore-o-2021.svg,https://www.ilsole24ore.com/art/al-via-saldi-invernali-sicilia-e-basilicata-domani-valle-d-aosta-e-5-gennaio-altre-regioni-AEG4OSTC
2023-01-02,"Scatta l’aumento della benzina: ogni pieno costerà 9,15 euro in più - ",https://www.ilsole24ore.com/static/img/ilsole24ore-o-2021.svg,https://www.ilsole24ore.com/art/scatta-l-aumento-benzina-ogni-pieno-costera-915-euro-piu-AE43waTC
2023-01-02,"Germania, 45,6 milioni di occupati nel 2022: è record dall’unificazione",https://www.ilsole24ore.com/static/img/ilsole24ore-o-2021.svg,https://www.ilsole24ore.com/art/germania-456-milioni-occupati-2022-e-record-dall-unificazione-AEtsxbTC
2023-01-02,Bombe sulla base militare russa nel Donbass. Kiev: uccisi 400 soldati. Ex generale Nato: Negoziati tregua fra febbraio e maggio - ,https://www.ilsole24ore.com/static/img/ilsole24ore-o-2021.svg,https://www.ilsole24ore.com/art/ucraina-ultime-notizie-007-danimarca-putin-ha-forti-dolori-suo-futuro-incerto-AERNwaTC
2023-01-02,Il 2023 delle criptovalute. Quali scenari si aprono adesso per Bitcoin e le altre?,https://www.ilsole24ore.com/static/img/ilsole24ore-o-2021.svg,https://www.ilsole24ore.comhttps://24plus.ilsole24ore.com/art/il-2023-criptovalute-quali-scenari-si-aprono-adesso-bitcoin-e-altre-AEOH6ZPC?s=hpf
2023-01-02,"Climate change, è corsa contro il tempo per frenare emissioni di gas serra e aumento delle temperature",https://www.ilsole24ore.com/static/img/ilsole24ore-o-2021.svg,https://www.ilsole24ore.comhttps://24plus.ilsole24ore.com/art/climate-change-e-corsa-contro-tempo-frenare-emissioni-gas-serra-e-aumento-temperature-AE88H3MC?s=hpf
2023-01-02,Guerra e inflazione: come proteggere i nostri risparmi nel 2023,https://www.ilsole24ore.com/static/img/ilsole24ore-o-2021.svg,https://www.ilsole24ore.comhttps://24plus.ilsole24ore.com/art/guerra-e-inflazione-come-proteggere-nostri-risparmi-2023-AEVHvAPC?s=hpf
2023-01-02,"Covid, cos’è Gryphon e perché preoccupa - ",https://www.ilsole24ore.com/static/img/ilsole24ore-o-2021.svg,https://www.ilsole24ore.com/art/che-cos-e-griphon-e-perche-preoccupa-AE5ZgrSC
2023-01-02,Mps: «Superati i dubbi sulla continuità aziendale»,https://www.ilsole24ore.com/static/img/ilsole24ore-o-2021.svg,https://www.ilsole24ore.com/art/mps-superati-dubbi-continuita-aziendale-AEC9PbTC
2023-01-02,La salma di Benedetto XVI esposta a San Pietro. Giovedì i funerali - ,https://www.ilsole24ore.com/static/img/ilsole24ore-o-2021.svg,https://www.ilsole24ore.com/art/i-fedeli-rendono-omaggio-benedetto-xvi-giovedi-funerali-AEaxAbTC
2023-01-02,L'addio a Benedetto XVIOmaggio di Mattarella e Meloni,https://www.ansa.it/webimages/img_700/2023/1/2/1a842b4cf3efd029688cb2cece317a56.jpg,https://www.ansa.it/sito/notizie/cronaca/2023/01/02/ratzinger-da-oggi-lomaggio-dei-fedeli_7112540e-9b7f-4d1a-87df-317ca0897957.html
2023-01-02,Kiev: 'Morti 400 soldati russi nel raid di Makiivka',https://www.ansa.it/webimages/img_700/2023/1/1/49f431768ada423f82215d4f7b1682fa.jpg,https://www.ansa.it/sito/notizie/politica/2023/01/01/kiev-sottattacco-a-capodanno-nuove-voci-su-putin-malato_899d45a1-8c4b-446b-aa5f-053f3d912e4b.html
2023-01-02,Blitz di Ultima Generazione a Palazzo Madama,https://www.ansa.it/webimages/img_700/2023/1/2/099546dc80d6bcfbb905547392146b55.jpg,https://www.ansa.it/sito/notizie/cronaca/2023/01/02/blitz-ambientalista-a-palazzo-madama_edca6521-4861-442a-b1fa-ecbafd0713f8.html
2023-01-02,"Due soccorsi in poche ore,ok a Msf per il porto di Taranto",https://www.ansa.it/webimages/img_700/2022/11/6/f1a944f2ac7a73770d78060480332c20.jpg,https://www.ansa.it/sito/notizie/cronaca/2023/01/02/msf-soccorsi-in-mare-41-migranti-su-richiesta-italia_5b945451-e26e-4127-8367-0ddc593edbcc.html
2023-01-02,"Pugno in faccia, ventunenne grave nel Salento",https://www.ansa.it/webimages/img_700/2023/1/2/aedecbcf9814f27d0231ae2e93f87498.jpg,https://www.ansa.it/sito/notizie/cronaca/2023/01/02/amico-gli-sferra-pugno-al-volto-21enne-grave-in-salento_9f66d16e-f144-49f6-8a14-4f1b154c0464.html
2023-01-02,"Percettori del reddito legati ai clan, scattano i sequestri",https://www.ansa.it/webimages/img_700/2022/5/7/2e06201bb4d17333909c88710d03cf29.jpg,https://www.ansa.it/campania/notizie/2023/01/02/percettori-del-reddito-legati-ai-clan-scattano-i-sequestri_e7ffe533-de1a-4d79-aa7c-156b53e16ffa.html
2023-01-02,"Sale il prezzo della benzina  Effetto doppio,+20 centesimi",https://www.ansa.it/webimages/img_700/2022/3/24/cd3b8c077cced5bdb7aef4d24a972726.jpg,https://www.ansa.it/sito/notizie/economia/2023/01/02/benzina-prezzo-sale-via-lo-sconto-effetto-doppio20-cent_0c0a6fbe-a343-4d11-b88d-a9099d4035ba.html
2023-01-02,"Il Brasile dice addio a Pelé, oggi veglia nello stadio Santos",https://www.ansa.it/webimages/img_700/2023/1/2/7315506e2838b3db66b9e99645cda283.jpg,https://www.ansa.it/sito/notizie/sport/2023/01/01/domani-veglia-funebre-per-pele-ma-dona-celeste-ancora-non-sa_d29cb4d0-4859-47a0-83f3-b9e4b3566185.html
2023-01-02,"Ecobonus, via alle prenotazioni per auto non inquinanti",https://www.ansa.it/webimages/img_700/2022/8/24/a3300e3cea61e270112041d4a893bfc7.jpg,https://www.ansa.it/canale_motori/notizie/istituzioni/2023/01/02/ecobonus-mimitda-10/1-prenotazioni-per-auto-non-inquinanti_3a8c6dd7-be7f-4587-bdc2-26ba8a025c7a.html
2023-01-02,Ue convoca una riunione sugli arrivi dalla Cina,https://www.ansa.it/webimages/img_700/2023/1/1/a244de1ad9bb45d988e5b3ee5007fe0e.jpg,https://www.ansa.it/sito/notizie/mondo/2023/01/01/ue-convoca-riunione-su-arrivi-da-cina.-xi-nuova-fase_ed52b05d-3250-4325-865b-3ca1c41c8a22.html
2023-01-02,La polizia iraniana controlla l'uso del velo in auto,https://www.ansa.it/webimages/img_700/2022/10/2/6f5b369dedf05d044b343edb9e4522fb.jpg,https://www.ansa.it/sito/notizie/mondo/2023/01/02/-iran-polizia-riprende-a-controllare-uso-del-velo-islamico-_ee7bbdf3-b2be-4d45-8a7d-9673260c1de5.html
2023-01-02,"Arrivano i saldi, il calendario Giro d'affari da 4,7 miliardi",https://www.ansa.it/webimages/img_700/2022/1/10/4f82faa9bf31fffac7c9167bc98c3148.jpg,https://www.ansa.it/sito/notizie/economia/pmi/2023/01/01/saldi-confcommercio-sconti-al-via-giro-daffari-da-47mld_161f0f50-8fde-4834-b156-acf0dd0affec.html
